iter,time_ms,rms,unit
0,11,4.11103,waves
1,39,4.40152,waves
2,70,4.40721,waves
3,101,4.42219,waves
4,132,4.42386,waves
5,162,4.42878,waves
6,183,4.43086,waves
7,219,4.43683,waves
8,250,4.43636,waves
9,279,4.43997,waves
10,311,4.44079,waves
11,341,4.44153,waves
12,374,4.37794,waves
13,405,4.38119,waves
14,429,4.38101,waves
15,459,4.38196,waves
16,490,4.38386,waves
17,521,4.38069,waves
18,542,4.38635,waves
19,567,4.38759,waves
20,597,4.38567,waves
21,619,4.38955,waves
22,649,4.38832,waves
23,782,4.20747,waves
24,912,4.20834,waves
25,955,4.21222,waves
26,984,4.36669,waves
27,1106,4.37234,waves
28,1145,4.37278,waves
29,1173,4.37568,waves
30,1204,4.37374,waves
31,1235,4.37422,waves
32,1270,4.37789,waves
33,1301,4.37589,waves
34,1331,4.24524,waves
35,1368,4.24298,waves
36,1391,4.24292,waves
37,1420,4.24379,waves
38,1451,4.24105,waves
39,1481,4.24486,waves
40,1513,4.24468,waves
41,1543,4.24772,waves
42,1574,4.24704,waves
43,1595,4.24999,waves
44,1629,4.32127,waves
45,1672,4.32581,waves
46,1702,4.32116,waves
47,1732,4.32537,waves
48,1753,4.32248,waves
49,1784,4.3235,waves
50,1815,4.32415,waves
51,1841,4.32449,waves
52,1866,4.3264,waves
53,1892,4.32553,waves
54,1922,4.32384,waves
55,1963,4.36032,waves
56,1994,4.35916,waves
57,2025,4.3609,waves
58,2049,4.35904,waves
59,2081,4.36058,waves
60,2111,4.36206,waves
61,2141,4.36197,waves
62,2163,4.36282,waves
63,2194,4.36577,waves
64,2224,4.36434,waves
65,2255,4.36386,waves
66,2286,4.42706,waves
67,2312,4.42809,waves
68,2342,4.42608,waves
69,2368,4.42852,waves
70,2391,4.42862,waves
71,2420,4.42963,waves
72,2452,4.4304,waves
73,2482,4.42968,waves
74,2504,4.43189,waves
75,2535,4.42911,waves
76,2566,4.42941,waves
77,2596,4.40292,waves
78,2626,4.40369,waves
79,2657,4.40476,waves
80,2693,4.40385,waves
81,2724,4.40502,waves
82,2754,4.40433,waves
83,2786,4.40572,waves
84,2816,4.40341,waves
85,2847,4.40618,waves
86,2878,4.40397,waves
87,2922,4.16236,waves
88,2948,4.16077,waves
89,2978,4.16117,waves
90,2999,4.16084,waves
91,3030,4.16281,waves
92,3061,4.16137,waves
93,3082,4.16188,waves
94,3120,4.16248,waves
95,3147,4.16341,waves
96,3178,4.16097,waves
97,3208,4.29342,waves
98,3239,4.29848,waves
99,3270,4.30259,waves
100,3301,4.30065,waves
101,3331,4.30105,waves
102,3357,4.29928,waves
103,3391,4.30006,waves
104,3421,4.30195,waves
105,3453,4.30181,waves
106,3484,4.29976,waves
107,3514,4.30347,waves
108,3545,4.34961,waves
109,3576,4.35348,waves
110,3607,4.3522,waves
111,3637,4.35427,waves
112,3658,4.3544,waves
113,3688,4.3537,waves
114,3719,4.35366,waves
115,3744,4.35101,waves
116,3773,4.35391,waves
117,3796,4.354,waves
118,3825,4.35379,waves
119,3846,4.35522,waves
120,3877,4.52302,waves
121,3908,4.5268,waves
122,4120,4.52365,waves
123,4168,4.51439,waves
124,4198,4.51304,waves
125,4230,4.51423,waves
126,4259,4.51485,waves
127,4290,4.51549,waves
128,4321,4.51386,waves
129,4352,4.51817,waves
130,4378,4.51649,waves
131,4408,4.516,waves
132,4434,4.51704,waves
133,4464,4.5179,waves
134,4484,4.51678,waves
135,4506,4.43153,waves
136,4536,4.43332,waves
137,4566,4.434,waves
138,4586,4.4343,waves
139,4607,4.43347,waves
140,4638,4.43367,waves
141,4660,4.43381,waves
142,4690,4.43389,waves
143,4721,4.43711,waves
144,4751,4.4359,waves
145,4774,4.43606,waves
146,4800,4.35755,waves
147,4821,4.35114,waves
148,4851,4.35501,waves
149,4883,4.35309,waves
150,4913,4.35707,waves
151,4945,4.35227,waves
152,4975,4.35441,waves
153,5005,4.35484,waves
154,5030,4.35491,waves
155,5060,4.35617,waves
156,5091,4.35819,waves
157,5122,4.4475,waves
158,5154,4.44673,waves
159,5190,4.44726,waves
160,5221,4.44503,waves
161,5252,4.44555,waves
162,5282,4.44664,waves
163,5313,4.44716,waves
164,5343,4.449,waves
165,5379,4.4463,waves
166,5409,4.44743,waves
167,5434,4.35899,waves
168,5466,4.35884,waves
169,5496,4.35939,waves
170,5527,4.36228,waves
171,5548,4.3616,waves
172,5579,4.36111,waves
173,5606,4.35921,waves
174,5636,4.36303,waves
175,5666,4.36335,waves
176,5698,4.36038,waves
177,5729,4.36067,waves
178,5759,4.37212,waves
179,5790,4.36844,waves
180,5821,4.3701,waves
181,5847,4.37197,waves
182,5878,4.36839,waves
183,5908,4.36933,waves
184,5928,4.37105,waves
185,5950,4.36661,waves
186,5982,4.37237,waves
187,6011,4.37049,waves
188,6037,4.37233,waves
189,6067,4.30826,waves
190,6098,4.30712,waves
191,6127,4.30727,waves
192,6148,4.3083,waves
193,6169,4.31142,waves
194,6200,4.30834,waves
195,6230,4.30719,waves
196,6261,4.3097,waves
197,6291,4.31078,waves
198,6325,4.30929,waves
199,6357,4.31245,waves
200,6379,4.31104,waves
201,6409,4.41337,waves
202,6436,4.41281,waves
203,6466,4.41412,waves
204,6501,4.414,waves
205,6527,4.41238,waves
206,6558,4.41712,waves
207,6588,4.41465,waves
208,6619,4.41433,waves
209,6657,4.41679,waves
210,6684,4.4132,waves
211,6714,4.38696,waves
212,6745,4.39126,waves
213,6766,4.39158,waves
214,6797,4.38726,waves
215,6828,4.39128,waves
216,6859,4.38887,waves
217,6885,4.39035,waves
218,6915,4.38882,waves
219,6945,4.38835,waves
220,6967,4.38904,waves
221,6997,4.3913,waves
222,7028,4.49648,waves
223,7059,4.49861,waves
224,7083,4.49779,waves
225,7114,4.49608,waves
226,7135,4.50042,waves
227,7166,4.49606,waves
228,7196,4.49621,waves
229,7228,4.49819,waves
230,7259,4.50004,waves
231,7290,4.49716,waves
232,7314,4.50001,waves
233,7345,4.33484,waves
234,7379,4.3349,waves
235,7428,4.33485,waves
236,7458,4.33346,waves
237,7488,4.33529,waves
238,7510,4.33283,waves
239,7541,4.33424,waves
240,7570,4.33412,waves
241,7592,4.3369,waves
242,7622,4.33651,waves
243,7643,4.33457,waves
244,7674,4.43392,waves
245,7699,4.43301,waves
246,7728,4.43734,waves
247,7759,4.4331,waves
248,7988,4.43403,waves
249,8131,4.37489,waves
250,8277,4.37594,waves
251,8323,4.6153,waves
252,8353,4.61786,waves
253,8382,4.61586,waves
254,8413,4.61261,waves
255,8438,4.61909,waves
256,8468,4.61635,waves
257,8498,4.62121,waves
258,8520,4.62364,waves
259,8550,4.62413,waves
260,8581,4.62673,waves
261,8611,4.62623,waves
262,8746,4.44549,waves
263,8980,4.44356,waves
264,9023,4.40697,waves
265,9051,4.4062,waves
266,9072,4.40882,waves
267,9103,4.40709,waves
268,9137,4.40728,waves
269,9157,4.40632,waves
270,9178,4.40664,waves
271,9210,4.40812,waves
272,9241,4.40689,waves
273,9270,4.50923,waves
274,9291,4.51732,waves
275,9322,4.51955,waves
276,9352,4.51794,waves
277,9382,4.5176,waves
278,9414,4.5217,waves
279,9439,4.51767,waves
280,9470,4.51809,waves
281,9500,4.51726,waves
282,9531,4.51831,waves
283,9572,4.51844,waves
284,9602,4.51872,waves
285,9622,4.34852,waves
286,9643,4.35021,waves
287,9663,4.34848,waves
288,9685,4.34508,waves
289,9705,4.3497,waves
290,9897,4.34965,waves
291,9940,4.22283,waves
292,9969,4.22295,waves
293,9999,4.22159,waves
294,10024,4.22354,waves
295,10054,4.2249,waves
296,10084,4.22699,waves
297,10106,4.22562,waves
298,10137,4.2216,waves
299,10167,4.22544,waves
300,10194,4.22702,waves
301,10224,4.22397,waves
302,10254,4.44404,waves
303,10282,4.44719,waves
304,10306,4.44607,waves
305,10337,4.44739,waves
306,10367,4.44174,waves
307,10399,4.4485,waves
308,10429,4.44446,waves
309,10459,4.44669,waves
310,10490,4.4483,waves
311,10521,4.44732,waves
312,10552,4.44382,waves
313,10768,4.57008,waves
314,10802,4.56866,waves
315,10826,4.57199,waves
316,10851,4.5745,waves
317,10985,4.46209,waves
318,11136,4.46218,waves
319,11173,4.46278,waves
320,11201,4.53685,waves
321,11235,4.53592,waves
322,11256,4.53636,waves
323,11286,4.53686,waves
324,11308,4.53664,waves
325,11338,4.53607,waves
326,11368,4.53451,waves
327,11402,4.53768,waves
328,11430,4.53792,waves
329,11451,4.53992,waves
330,11483,4.52454,waves
331,11615,4.8312,waves
332,11652,4.78948,waves
333,11679,4.42215,waves
334,11708,4.42275,waves
335,11738,4.42279,waves
336,11760,4.42538,waves
337,11790,4.42296,waves
338,11825,4.60009,waves
339,11860,4.59866,waves
340,11890,4.59319,waves
341,11912,4.5966,waves
342,12039,4.59994,waves
343,12102,4.59745,waves
344,12131,4.59862,waves
345,12162,4.38819,waves
346,12193,4.38922,waves
347,12223,4.39279,waves
348,12256,4.3917,waves
349,12284,4.39076,waves
350,12305,4.39404,waves
351,12336,4.39156,waves
352,12366,4.39316,waves
353,12402,4.39061,waves
354,12432,4.39292,waves
355,12563,4.51717,waves
356,12790,4.51953,waves
357,12927,4.61187,waves
358,12976,4.61535,waves
359,13004,4.6139,waves
360,13034,4.61333,waves
361,13065,4.61042,waves
362,13096,4.5697,waves
363,13120,4.56816,waves
364,13150,4.57039,waves
365,13181,4.57013,waves
366,13213,4.56777,waves
367,13243,4.56783,waves
368,13380,4.57101,waves
369,13423,4.50675,waves
370,13453,4.50492,waves
371,13483,4.50626,waves
372,13504,4.50281,waves
373,13534,4.50501,waves
374,13555,4.50751,waves
375,13586,4.50681,waves
376,13615,4.50686,waves
377,13647,4.50713,waves
378,13677,4.50667,waves
379,13708,4.50556,waves
380,13768,4.27635,waves
381,13790,4.27385,waves
382,13819,4.27448,waves
383,13840,4.27172,waves
384,13861,4.2737,waves
385,13892,4.27302,waves
386,14021,4.27566,waves
387,14064,4.63421,waves
388,14092,4.63742,waves
389,14144,4.63768,waves
390,14170,4.63622,waves
391,14201,4.6368,waves
392,14231,4.63736,waves
393,14252,4.63391,waves
394,14282,4.63807,waves
395,14312,4.63939,waves
396,14333,4.63974,waves
397,14361,4.64032,waves
398,14385,4.58606,waves
399,14416,4.58616,waves
400,14445,4.58535,waves
401,14475,4.58723,waves
402,14507,4.58653,waves
403,14536,4.58899,waves
404,14568,4.5858,waves
405,14598,4.58844,waves
406,14630,4.58661,waves
407,14659,4.58696,waves
408,14681,4.58741,waves
409,14710,4.45598,waves
410,14732,4.45576,waves
411,14766,4.45468,waves
412,14797,4.45604,waves
413,14827,4.45608,waves
414,14858,4.45475,waves
415,14889,4.45688,waves
416,14919,4.4566,waves
417,14951,4.45518,waves
418,14977,4.45493,waves
419,15008,4.4544,waves
420,15038,4.37338,waves
421,15059,4.3732,waves
422,15090,4.37171,waves
423,15121,4.3733,waves
424,15142,4.37207,waves
425,15173,4.37156,waves
426,15200,4.3713,waves
427,15229,4.37289,waves
428,15259,4.37725,waves
429,15291,4.3738,waves
430,15322,4.37603,waves
431,15352,4.33049,waves
432,15389,4.33122,waves
433,15421,4.32891,waves
434,15445,4.32957,waves
435,15475,4.33069,waves
436,19781,4.3315,waves
437,19804,4.61361,waves
438,19834,4.55603,waves
439,19855,4.55405,waves
440,19886,4.55326,waves
441,19916,4.55529,waves
442,19947,4.55503,waves
443,19978,4.55567,waves
444,20044,4.55593,waves
445,20065,4.55338,waves
446,20094,4.55516,waves
447,20125,4.50352,waves
448,20166,4.48228,waves
449,20187,4.48078,waves
450,20211,4.482,waves
451,20241,4.48035,waves
452,20262,4.48317,waves
453,20292,4.48449,waves
454,20314,4.4837,waves
455,20345,4.48128,waves
456,20368,4.4829,waves
457,20391,4.48231,waves
458,20413,4.4825,waves
459,20442,4.48285,waves
460,20472,4.48665,waves
461,20503,4.48374,waves
462,20533,4.48272,waves
463,20564,4.48448,waves
464,20595,4.48135,waves
465,20626,4.4815,waves
466,20657,4.4843,waves
467,20688,4.48273,waves
468,20718,4.48265,waves
469,20749,4.48539,waves
470,20780,4.53435,waves
471,20801,4.53253,waves
472,20826,4.53284,waves
473,20852,4.53268,waves
474,20882,4.53408,waves
475,20913,4.53432,waves
476,20934,4.53264,waves
477,20964,4.53393,waves
478,20995,4.53354,waves
479,21026,4.53401,waves
480,21057,4.53402,waves
481,21087,4.67273,waves
482,21118,4.67356,waves
483,21149,4.67258,waves
484,21180,4.67397,waves
485,21210,4.67202,waves
486,21246,4.67447,waves
487,21276,4.67432,waves
488,21308,4.66983,waves
489,21338,4.67305,waves
490,21369,4.67149,waves
491,21395,4.66985,waves
492,21427,4.62514,waves
493,21451,4.62491,waves
494,21482,4.62627,waves
495,21513,4.62439,waves
496,21543,4.62712,waves
497,21574,4.62592,waves
498,21605,4.62697,waves
499,21636,4.62539,waves
500,21667,4.6266,waves
501,21698,4.62616,waves
502,21733,4.58916,waves
503,21760,4.592,waves
504,21790,4.58914,waves
505,21811,4.58857,waves
506,21842,4.59116,waves
507,21868,4.58982,waves
508,21898,4.58632,waves
509,21919,4.58882,waves
510,21950,4.58769,waves
511,21981,4.58626,waves
512,22011,4.59005,waves
513,22042,4.54673,waves
514,22063,4.46833,waves
515,22093,4.4668,waves
516,22114,4.46778,waves
517,22144,4.47044,waves
518,22175,4.4674,waves
519,22207,4.46946,waves
520,22238,4.46761,waves
521,22268,4.46966,waves
522,22292,4.4668,waves
523,22318,4.46781,waves
524,22344,4.46755,waves
525,22369,4.71519,waves
526,22393,4.71955,waves
527,22424,4.71622,waves
528,22452,4.71637,waves
529,22483,4.71722,waves
530,22513,4.71813,waves
531,22544,4.71427,waves
532,22574,4.71687,waves
533,22605,4.71694,waves
534,22635,4.71677,waves
535,22666,4.71724,waves
536,22690,4.3058,waves
537,22721,4.30517,waves
538,22752,4.3066,waves
539,22782,4.30598,waves
540,22813,4.30585,waves
541,22843,4.30451,waves
542,22874,4.30611,waves
543,22905,4.30595,waves
544,22927,4.30648,waves
545,22957,4.3053,waves
546,22987,4.30741,waves
547,23018,4.27226,waves
548,23040,4.27184,waves
549,23070,4.27546,waves
550,23106,4.27326,waves
551,23136,4.27348,waves
552,23166,4.27154,waves
553,23198,4.27362,waves
554,23238,4.27367,waves
555,23461,4.57399,waves
556,23617,4.93579,waves
557,23670,4.93744,waves
558,23712,4.92716,waves
559,23744,4.92853,waves
560,23785,4.9344,waves
561,23825,4.9314,waves
562,23879,4.93575,waves
563,23930,4.93765,waves
564,23974,5.09876,waves
565,24005,5.09834,waves
566,24068,5.10163,waves
567,24108,5.09984,waves
568,24143,5.10088,waves
569,24179,5.10238,waves
570,24216,5.10034,waves
571,24258,5.10302,waves
572,24299,4.91582,waves
573,24339,4.91905,waves
574,24381,4.90014,waves
575,24413,4.9018,waves
576,24445,4.90097,waves
577,24485,4.90231,waves
578,24526,4.90481,waves
579,24557,4.90361,waves
580,24598,4.90373,waves
581,24640,5.02273,waves
582,24680,5.03973,waves
583,24712,5.03898,waves
584,24753,5.03756,waves
585,24886,5.04462,waves
586,24935,4.94543,waves
587,24973,4.95265,waves
588,25009,4.95265,waves
589,25049,4.95446,waves
590,25178,4.95323,waves
591,25233,4.95419,waves
592,25271,4.85389,waves
593,25311,4.84569,waves
594,25356,4.84798,waves
595,25399,4.84678,waves
596,25431,4.85145,waves
597,25466,4.85072,waves
598,25506,4.84974,waves
599,25540,4.85279,waves
600,25579,4.84946,waves
601,25620,5.08235,waves
602,25661,5.09086,waves
603,25702,5.09226,waves
604,25734,5.09248,waves
605,25775,5.09016,waves
606,25816,5.09195,waves
607,25860,5.09331,waves
608,25897,5.09467,waves
609,25937,4.95617,waves
610,26161,4.93599,waves
611,26332,5.05886,waves
612,26382,5.08454,waves
613,26419,5.08567,waves
614,26458,5.08632,waves
615,26592,5.08721,waves
616,26636,5.00854,waves
617,26675,4.96445,waves
618,26716,4.96243,waves
619,26761,4.95992,waves
620,26896,4.96021,waves
621,27051,4.90617,waves
622,27096,4.9441,waves
623,27138,4.95058,waves
624,27175,4.83029,waves
625,27216,4.82255,waves
626,27440,4.81233,waves
627,27603,4.66474,waves
628,27688,4.64989,waves
629,27727,4.6541,waves
630,27768,4.64938,waves
631,27809,4.64852,waves
632,27850,4.96244,waves
633,27891,4.96358,waves
634,27923,4.97845,waves
635,27963,4.98323,waves
636,28004,4.9829,waves
637,28141,4.98433,waves
638,28195,5.03132,waves
639,28233,5.01934,waves
640,28274,5.01621,waves
641,28482,5.01708,waves
642,28534,4.99283,waves
643,28572,5.0265,waves
644,28613,5.03291,waves
645,28653,5.03323,waves
646,28694,5.03566,waves
647,28736,5.03953,waves
648,28771,5.035,waves
649,28840,4.88023,waves
650,28874,4.8818,waves
651,28915,4.84732,waves
652,28955,4.8498,waves
653,28991,4.84875,waves
654,29031,4.845,waves
655,29062,4.84686,waves
656,29103,4.84552,waves
657,29144,4.74672,waves
658,29288,4.74663,waves
659,29437,4.7258,waves
660,29586,4.90201,waves
661,29836,4.9278,waves
662,29887,4.85044,waves
663,29931,4.85074,waves
664,29968,4.84995,waves
665,30010,4.84671,waves
666,30050,4.84631,waves
667,30091,4.90699,waves
668,30122,4.90377,waves
669,30163,4.93396,waves
670,30198,4.94013,waves
671,30233,4.9411,waves
672,30264,4.93891,waves
673,30317,4.93848,waves
674,30357,4.93841,waves
675,30404,4.70012,waves
676,30436,4.69891,waves
677,30480,4.65791,waves
678,30522,4.65553,waves
679,30587,4.65377,waves
680,30624,4.65074,waves
681,30665,4.65676,waves
682,30706,4.9505,waves
683,30758,4.9498,waves
684,30799,4.94329,waves
685,30842,4.94309,waves
686,30880,4.94443,waves
687,30920,4.94353,waves
688,30961,4.94338,waves
689,31001,4.94184,waves
690,31043,5.0375,waves
691,31084,5.056,waves
692,31124,5.05937,waves
693,31155,5.06206,waves
694,31197,5.05846,waves
695,31232,5.06098,waves
696,31264,5.05917,waves
697,31303,5.05802,waves
698,31344,4.93673,waves
699,31566,4.93907,waves
700,31619,4.92057,waves
701,31659,4.87417,waves
702,31699,4.88864,waves
703,31739,4.89257,waves
704,31771,4.89188,waves
705,31802,4.89425,waves
706,31859,4.89524,waves
707,31897,4.89404,waves
708,31938,4.89378,waves
709,31979,4.95236,waves
710,32041,4.95139,waves
711,32102,4.95616,waves
712,32133,4.9542,waves
713,32173,4.95632,waves
714,32215,4.95605,waves
715,32255,4.95455,waves
716,32290,5.03174,waves
717,32331,5.03658,waves
718,32371,5.04316,waves
719,32406,5.04459,waves
720,32437,5.04301,waves
721,32483,5.04451,waves
722,32524,5.04328,waves
723,32564,5.04451,waves
724,32596,5.0446,waves
725,32636,4.7671,waves
726,32677,4.77138,waves
727,32718,4.77035,waves
728,32759,4.77268,waves
729,32800,4.77332,waves
730,33011,4.77563,waves
731,33055,5.04846,waves
732,33094,5.01591,waves
733,33135,5.01448,waves
734,33176,5.01635,waves
735,33217,5.01376,waves
736,33289,5.2149,waves
737,33325,5.21725,waves
738,33367,5.22634,waves
739,33403,5.22573,waves
740,33451,5.2243,waves
741,33484,5.2242,waves
742,33524,5.22358,waves
743,33565,4.83614,waves
744,33607,4.8311,waves
745,33647,4.82766,waves
746,33690,4.82673,waves
747,33728,4.82621,waves
748,33765,4.82901,waves
749,33805,4.82647,waves
750,33846,4.82939,waves
751,33878,4.82902,waves
752,33947,4.86047,waves
753,33981,4.8622,waves
754,34022,4.87189,waves
755,34063,4.87807,waves
756,34094,4.87835,waves
757,34129,4.8767,waves
758,34170,4.87895,waves
759,34211,4.79233,waves
760,34252,4.79925,waves
761,34283,4.79696,waves
762,34325,4.79418,waves
763,34361,4.79643,waves
764,34397,4.79377,waves
765,34439,4.79515,waves
766,34476,4.79306,waves
767,34526,4.86195,waves
768,34567,4.86617,waves
769,34608,4.86228,waves
770,34646,4.8656,waves
771,34677,4.86875,waves
772,34749,4.86461,waves
773,34781,4.86396,waves
774,34820,4.78679,waves
775,34852,4.7789,waves
776,34904,4.76472,waves
777,34950,4.76286,waves
778,34985,4.76235,waves
779,35025,4.76175,waves
780,35056,4.76015,waves
781,35098,4.76356,waves
782,35139,4.76563,waves
783,35170,4.85725,waves
784,35211,4.85582,waves
785,35251,4.85261,waves
786,35292,4.85331,waves
787,35323,4.8531,waves
788,35358,4.85256,waves
789,35390,4.85352,waves
790,35424,4.8537,waves
791,35464,5.13496,waves
792,35496,5.14306,waves
793,35538,5.1542,waves
794,35579,5.14893,waves
795,35611,5.14871,waves
796,35652,5.15436,waves
797,35693,5.15269,waves
798,35734,5.15177,waves
799,35775,5.14984,waves
800,35828,4.9815,waves
801,35867,4.98149,waves
802,35909,4.99142,waves
803,35949,4.99737,waves
804,35984,4.99434,waves
805,36020,4.9932,waves
806,36060,4.99643,waves
807,36102,4.94801,waves
808,36143,4.95053,waves
809,36184,4.95615,waves
810,36236,4.95247,waves
811,36281,4.95484,waves
812,36317,4.95598,waves
813,36359,4.95323,waves
814,36397,4.95361,waves
815,36442,4.93428,waves
816,36479,4.91465,waves
817,36519,4.91377,waves
818,36560,4.91502,waves
819,36600,4.91539,waves
820,36642,4.91548,waves
821,36684,4.91288,waves
822,36723,4.91438,waves
823,36764,4.92181,waves
824,36815,4.93954,waves
825,36848,4.94549,waves
826,36889,4.94908,waves
827,36920,4.94531,waves
828,36961,4.94559,waves
829,37003,4.94749,waves
830,37036,4.94267,waves
831,37078,4.97378,waves
832,37109,4.97472,waves
833,37150,4.97563,waves
834,37190,4.97628,waves
835,37232,4.97432,waves
836,37276,4.97439,waves
837,37313,4.97345,waves
838,37355,4.97385,waves
839,37395,5.05165,waves
840,37427,5.04901,waves
841,37467,5.03283,waves
842,37508,5.03266,waves
843,37550,5.03028,waves
844,37590,5.03149,waves
845,37631,5.02961,waves
846,37673,5.03412,waves
847,37714,4.96469,waves
848,37754,4.9786,waves
849,37795,4.97905,waves
850,37840,4.98043,waves
851,37876,4.98001,waves
852,37917,4.98005,waves
853,37960,4.98062,waves
854,37999,4.92062,waves
855,38039,4.92292,waves
856,38073,4.92309,waves
857,38123,4.91916,waves
858,38163,4.92079,waves
859,38234,4.9224,waves
860,38450,4.92214,waves
861,38602,4.97198,waves
862,38757,5.0201,waves
863,38801,5.0289,waves
864,38840,5.03253,waves
865,38875,5.03042,waves
866,38906,5.03507,waves
867,38947,5.03342,waves
868,38988,5.18676,waves
869,39041,5.15998,waves
870,39082,5.16254,waves
871,39123,5.15792,waves
872,39163,5.15908,waves
873,39204,5.15532,waves
874,39245,5.15692,waves
875,39304,5.10485,waves
876,39343,5.10338,waves
877,39385,5.14114,waves
878,39429,5.1394,waves
879,39461,5.14249,waves
880,39500,5.14348,waves
881,39541,5.14317,waves
882,39582,5.14337,waves
883,39613,4.8462,waves
884,39654,4.84668,waves
885,39695,4.83655,waves
886,39736,4.83924,waves
887,39776,4.83743,waves
888,39808,4.83934,waves
889,39849,4.83822,waves
890,39890,4.83801,waves
891,39930,4.95958,waves
892,39972,4.94297,waves
893,40013,4.94268,waves
894,40054,4.94055,waves
895,40095,4.94211,waves
896,40137,4.94055,waves
897,40178,4.94343,waves
898,40218,4.93798,waves
899,40259,4.87933,waves
900,40291,4.8804,waves
901,40326,4.89062,waves
902,40367,4.89297,waves
903,40397,4.89067,waves
904,40430,4.89052,waves
905,40469,4.89171,waves
906,40510,4.8891,waves
907,40551,4.8377,waves
908,40583,4.83334,waves
909,40623,4.83427,waves
910,40654,4.83501,waves
911,40691,4.83462,waves
912,40726,4.83217,waves
913,40767,4.83497,waves
914,40799,4.83716,waves
915,40839,4.83339,waves
916,40881,4.89187,waves
917,40922,4.86769,waves
918,40959,4.86584,waves
919,41004,4.86347,waves
920,41041,4.86377,waves
921,41082,4.86268,waves
922,41123,4.86491,waves
923,41165,4.86515,waves
924,41218,4.92436,waves
925,41258,4.92493,waves
926,41298,4.95505,waves
927,41330,4.95781,waves
928,41369,4.95639,waves
929,41430,4.95803,waves
930,41463,4.95927,waves
931,41667,4.91146,waves
932,41923,4.92876,waves
933,41967,5.03427,waves
934,42003,5.03845,waves
935,42137,4.98391,waves
936,42287,4.96368,waves
937,42338,4.97711,waves
938,42467,4.97422,waves
939,42519,5.10276,waves
940,42559,5.1034,waves
941,42611,5.11557,waves
942,42651,5.11428,waves
943,42682,5.1148,waves
944,42713,5.11756,waves
945,42755,5.11528,waves
946,42795,5.11726,waves
947,42836,4.98001,waves
948,42878,4.98241,waves
949,42918,4.98578,waves
950,42959,4.98761,waves
951,43001,4.99038,waves
952,43049,4.98553,waves
953,43087,4.98743,waves
954,43250,4.87982,waves
955,43485,4.89068,waves
956,43538,5.01984,waves
957,43577,5.04821,waves
958,43618,5.0508,waves
959,43664,5.04782,waves
960,43700,5.05035,waves
961,43741,5.05156,waves
962,43782,5.04148,waves
963,43824,5.03917,waves
964,43858,5.02527,waves
965,43900,5.02142,waves
966,43942,5.02342,waves
967,43991,5.02252,waves
968,44023,5.02366,waves
969,44064,5.02057,waves
970,44104,4.97272,waves
971,44145,4.97406,waves
972,44185,4.96506,waves
973,44250,4.96823,waves
974,44282,4.96728,waves
975,44324,4.96556,waves
976,44365,4.9664,waves
977,44405,4.96878,waves
978,44455,5.0402,waves
979,44495,5.04169,waves
980,44633,5.05653,waves
981,44684,5.06194,waves
982,44900,5.06424,waves
983,45147,5.21481,waves
984,45197,4.92758,waves
985,45237,4.89396,waves
986,45267,4.89366,waves
987,45293,4.89105,waves
988,45324,4.89358,waves
989,45452,5.24485,waves
990,45489,5.24579,waves
991,45517,5.24669,waves
992,45580,5.24779,waves
993,45610,5.24671,waves
994,45738,5.2475,waves
995,45780,4.85071,waves
996,45806,4.85407,waves
997,45837,4.85254,waves
998,45867,4.85034,waves
999,45898,4.85178,waves
1000,45920,4.85334,waves
1001,45951,4.85191,waves
1002,45982,4.85316,waves
1003,46012,4.9314,waves
1004,46043,4.93033,waves
1005,46074,4.92853,waves
1006,46104,4.92736,waves
1007,46133,4.92759,waves
1008,46164,4.93252,waves
1009,46194,4.92874,waves
1010,46215,4.92814,waves
1011,46247,4.92789,waves
1012,46276,4.92951,waves
1013,46308,4.87402,waves
1014,46333,4.86891,waves
1015,46364,4.86871,waves
1016,46395,4.86805,waves
1017,46420,4.87003,waves
1018,46451,4.86846,waves
1019,46476,4.86689,waves
1020,46507,4.86671,waves
1021,46528,4.86582,waves
1022,46550,4.87026,waves
1023,46580,4.8652,waves
1024,46610,4.86781,waves
1025,46641,5.01762,waves
1026,46662,5.02225,waves
1027,46692,5.02075,waves
1028,46724,5.02024,waves
1029,46755,5.02373,waves
1030,46784,5.01963,waves
1031,46815,5.02088,waves
1032,46846,5.02345,waves
1033,46877,5.02564,waves
1034,46908,5.01951,waves
1035,46938,5.02113,waves
1036,46962,4.95885,waves
1037,46992,4.95947,waves
1038,47022,4.95868,waves
1039,47044,4.95951,waves
1040,47074,4.95708,waves
1041,47105,4.96203,waves
1042,47137,4.96006,waves
1043,47167,4.95926,waves
1044,47192,4.95978,waves
1045,47223,4.96035,waves
1046,47253,4.90116,waves
1047,47284,4.90171,waves
1048,47315,4.90149,waves
1049,47345,4.90535,waves
1050,47370,4.90327,waves
1051,47401,4.90617,waves
1052,47422,4.90503,waves
1053,47453,4.90294,waves
1054,47478,4.90368,waves
1055,47521,4.90061,waves
1056,47550,4.90306,waves
1057,47582,4.94281,waves
1058,47612,4.94646,waves
1059,47642,4.94403,waves
1060,47663,4.94886,waves
1061,47694,4.94479,waves
1062,47724,4.94444,waves
1063,47755,4.94441,waves
1064,47786,4.94734,waves
1065,47817,4.94349,waves
1066,47838,4.94744,waves
1067,47869,4.94361,waves
1068,47900,5.11999,waves
1069,47931,5.12008,waves
1070,47962,5.11983,waves
1071,47988,5.122,waves
1072,48018,5.11853,waves
1073,48049,5.11952,waves
1074,48080,5.11746,waves
1075,48110,5.12126,waves
1076,48132,5.11887,waves
1077,48162,5.11986,waves
1078,48193,5.11828,waves
1079,48223,4.88175,waves
1080,48254,4.88257,waves
1081,48285,4.88215,waves
1082,48306,4.88132,waves
1083,48336,4.88032,waves
1084,48362,4.88174,waves
1085,48387,4.88228,waves
1086,48409,4.87954,waves
1087,48435,4.88118,waves
1088,48466,4.88274,waves
1089,48488,4.88169,waves
1090,48519,5.08666,waves
1091,48549,5.08509,waves
1092,48580,5.08793,waves
1093,48609,5.08801,waves
1094,48640,5.08789,waves
1095,48670,5.0861,waves
1096,48701,5.08723,waves
1097,48732,5.08332,waves
1098,48762,5.0862,waves
1099,48793,5.08729,waves
1100,48824,5.08928,waves
1101,48855,5.06208,waves
1102,48886,5.06533,waves
1103,48916,5.06517,waves
1104,48936,5.06717,waves
1105,48957,5.0687,waves
1106,48978,5.0663,waves
1107,49011,5.06828,waves
1108,49041,5.06705,waves
1109,49076,5.06744,waves
1110,49103,5.06312,waves
1111,49134,5.06311,waves
1112,49165,5.0981,waves
1113,49196,5.0972,waves
1114,49226,5.09536,waves
1115,49289,5.09759,waves
1116,49319,5.09635,waves
1117,49350,5.09581,waves
1118,49382,5.09826,waves
1119,49423,5.09034,waves
1120,49456,5.09587,waves
1121,49479,5.07591,waves
1122,49613,5.08381,waves
1123,49650,5.08109,waves
1124,49672,5.0817,waves
1125,49697,5.08182,waves
1126,49727,5.08166,waves
1127,49758,5.08251,waves
1128,49788,5.07935,waves
1129,49820,5.09708,waves
1130,49844,5.09729,waves
1131,49874,5.10051,waves
1132,49896,5.09884,waves
1133,49927,5.10028,waves
1134,49957,5.09998,waves
1135,49988,5.09803,waves
1136,50010,5.09788,waves
1137,50040,5.09751,waves
1138,50083,5.10088,waves
1139,50111,5.09606,waves
1140,50143,5.11403,waves
1141,50202,5.11384,waves
1142,50226,5.11333,waves
1143,50255,5.11314,waves
1144,50279,5.10992,waves
1145,50310,5.11389,waves
1146,50340,5.11329,waves
1147,50371,5.11123,waves
1148,50402,5.11492,waves
1149,50425,5.11365,waves
1150,50456,5.13116,waves
1151,50480,5.12942,waves
1152,50510,5.13059,waves
1153,50541,5.13011,waves
1154,50572,5.13172,waves
1155,50603,5.13195,waves
1156,50635,5.13324,waves
1157,50665,5.12714,waves
1158,50695,5.13132,waves
1159,50726,5.13253,waves
1160,50757,4.95963,waves
1161,50777,4.96471,waves
1162,50892,4.96053,waves
1163,50932,4.96557,waves
1164,50960,4.96264,waves
1165,50981,4.96673,waves
1166,51012,4.96201,waves
1167,51043,4.96202,waves
1168,51073,5.04451,waves
1169,51103,5.04549,waves
1170,51135,5.04363,waves
1171,51165,5.04692,waves
1172,51195,5.04537,waves
1173,51216,5.04612,waves
1174,51246,5.04778,waves
1175,51276,5.04723,waves
1176,51299,5.04379,waves
1177,51330,5.0467,waves
1178,51360,5.04585,waves
1179,51391,5.02944,waves
1180,51418,5.02999,waves
1181,51444,5.02865,waves
1182,51473,5.03218,waves
1183,51503,5.02793,waves
1184,51534,5.03144,waves
1185,51565,5.03388,waves
1186,51595,5.03328,waves
1187,51615,5.03016,waves
1188,51642,5.03287,waves
1189,51668,5.03231,waves
1190,51698,5.07192,waves
1191,51728,5.07352,waves
1192,51759,5.07025,waves
1193,51789,5.06906,waves
1194,51820,5.07423,waves
1195,51851,5.0727,waves
1196,51883,5.07284,waves
1197,51904,5.07359,waves
1198,51929,5.07185,waves
1199,51960,5.07374,waves
1200,51982,5.07451,waves
1201,52012,5.0712,waves
1202,52042,4.89954,waves
1203,52064,4.8991,waves
1204,52094,4.89958,waves
1205,52125,4.89889,waves
1206,52156,4.89821,waves
1207,52187,4.89917,waves
1208,52218,4.89812,waves
1209,52248,4.89942,waves
1210,52279,4.90222,waves
1211,52310,4.90094,waves
1212,52342,4.93243,waves
1213,52372,4.93239,waves
1214,52393,4.93392,waves
1215,52424,4.93492,waves
1216,52456,4.93358,waves
1217,52483,4.92961,waves
1218,52515,4.93191,waves
1219,52545,4.93026,waves
1220,52566,4.92968,waves
1221,52593,4.93067,waves
1222,52617,4.933,waves
1223,52648,4.91678,waves
1224,52680,4.87338,waves
1225,52711,4.87632,waves
1226,52752,4.87499,waves
1227,52783,4.88152,waves
1228,52824,4.87543,waves
1229,52856,4.87893,waves
1230,52888,4.87758,waves
1231,52941,4.88103,waves
1232,52982,4.93833,waves
1233,53023,4.93781,waves
1234,53064,4.93803,waves
1235,53105,4.93574,waves
1236,53146,4.9388,waves
1237,53187,4.93563,waves
1238,53238,4.93501,waves
1239,53283,4.93798,waves
1240,53321,5.10724,waves
1241,53371,5.09469,waves
1242,53405,5.09339,waves
1243,53440,5.09582,waves
1244,53474,5.10023,waves
1245,53515,5.097,waves
1246,53556,5.09792,waves
1247,53597,5.09676,waves
1248,53628,5.01625,waves
1249,53670,5.0115,waves
1250,53711,5.00859,waves
1251,53752,5.00854,waves
1252,53793,5.00909,waves
1253,53834,5.01005,waves
1254,53874,5.01151,waves
1255,53915,5.00682,waves
1256,53976,4.92066,waves
1257,54015,4.91831,waves
1258,54057,4.92876,waves
1259,54097,4.93377,waves
1260,54138,4.9357,waves
1261,54180,4.9308,waves
1262,54218,4.93092,waves
1263,54259,4.90271,waves
1264,54299,4.92327,waves
1265,54461,4.92859,waves
1266,54697,4.92791,waves
1267,54863,4.93861,waves
1268,55045,5.16065,waves
1269,55099,5.17315,waves
1270,55233,5.17525,waves
1271,55289,5.0214,waves
1272,55325,5.02189,waves
1273,55357,5.03656,waves
1274,55411,5.03785,waves
1275,55446,5.03774,waves
1276,55485,5.03884,waves
1277,55527,5.03844,waves
1278,55568,5.08298,waves
1279,55609,5.04006,waves
1280,55654,5.04087,waves
1281,55691,5.04187,waves
1282,55736,5.04175,waves
1283,55773,5.03866,waves
1284,55827,5.04142,waves
1285,55868,4.9986,waves
1286,55900,4.99428,waves
1287,55932,5.01377,waves
1288,55973,5.01176,waves
1289,56014,5.01406,waves
1290,56067,5.01625,waves
1291,56107,5.01532,waves
1292,56148,5.01775,waves
1293,56189,5.08656,waves
1294,56220,5.08624,waves
1295,56254,5.09999,waves
1296,56290,5.10133,waves
1297,56330,5.10329,waves
1298,56392,5.10076,waves
1299,56446,5.10322,waves
1300,56482,5.10075,waves
1301,56518,5.20517,waves
1302,56549,5.20878,waves
1303,56761,5.22501,waves
1304,56810,5.22571,waves
1305,56854,5.21017,waves
1306,56895,5.20352,waves
1307,56930,5.19786,waves
1308,56971,5.19799,waves
1309,57002,5.19818,waves
1310,57043,5.19786,waves
1311,57085,5.19732,waves
1312,57126,5.19378,waves
1313,57167,5.15345,waves
1314,57207,5.1692,waves
1315,57248,5.17094,waves
1316,57283,5.16996,waves
1317,57328,5.1718,waves
1318,57369,5.17306,waves
1319,57408,5.17035,waves
1320,57444,5.17532,waves
1321,57477,4.94692,waves
1322,57521,4.94758,waves
1323,57555,4.93566,waves
1324,57591,4.93698,waves
1325,57632,4.93732,waves
1326,57674,4.93195,waves
1327,57715,4.93687,waves
1328,57755,4.93651,waves
1329,57786,4.96621,waves
1330,57828,5.17476,waves
1331,57869,5.16672,waves
1332,57903,5.16871,waves
1333,57939,5.16591,waves
1334,57980,5.16788,waves
1335,58012,5.16589,waves
1336,58052,5.16992,waves
1337,58094,5.16689,waves
1338,58125,5.22171,waves
1339,58165,5.23894,waves
1340,58206,5.23938,waves
1341,58237,5.24041,waves
1342,58279,5.23817,waves
1343,58313,5.24097,waves
1344,58359,5.24255,waves
1345,58401,5.24264,waves
1346,58561,4.95035,waves
1347,58710,4.92703,waves
1348,58855,5.20169,waves
1349,58905,5.21502,waves
1350,58945,5.21056,waves
1351,58995,5.20848,waves
1352,59030,5.2096,waves
1353,59071,4.81967,waves
1354,59120,4.82146,waves
1355,59159,4.81524,waves
1356,59220,4.81504,waves
1357,59261,4.81799,waves
1358,59302,4.81929,waves
1359,59343,4.81895,waves
1360,59564,5.14529,waves
1361,59621,5.12881,waves
1362,59657,5.12748,waves
1363,59697,5.1754,waves
1364,59728,5.174,waves
1365,59773,5.16175,waves
1366,59813,5.15891,waves
1367,59854,5.15844,waves
1368,59894,5.15654,waves
1369,59925,5.15984,waves
1370,59955,5.16162,waves
1371,59987,5.15865,waves
1372,60022,4.8031,waves
1373,60245,4.81711,waves
1374,60300,4.81879,waves
1375,60442,4.94003,waves
1376,60492,5.11844,waves
1377,60531,5.12287,waves
1378,60573,5.13216,waves
1379,60617,5.12827,waves
1380,60833,5.06612,waves
1381,60879,5.04062,waves
1382,60916,5.03987,waves
1383,60947,5.03658,waves
1384,60987,5.0493,waves
1385,61019,5.04886,waves
1386,61054,5.08447,waves
1387,61094,5.08868,waves
1388,61135,5.08738,waves
1389,61176,5.08953,waves
1390,61218,5.09022,waves
1391,61254,5.08903,waves
1392,61296,5.08134,waves
1393,61335,4.99381,waves
1394,61376,4.99703,waves
1395,61408,4.98139,waves
1396,61462,4.98208,waves
1397,61529,4.97874,waves
1398,61565,4.9806,waves
1399,61596,4.98259,waves
1400,61628,4.9498,waves
1401,61668,4.94254,waves
1402,61709,4.94111,waves
1403,61751,4.93899,waves
1404,61791,4.94179,waves
1405,61823,4.94011,waves
1406,61859,4.93945,waves
1407,61895,4.94247,waves
1408,61935,5.10096,waves
1409,61966,5.10731,waves
1410,62008,5.12939,waves
1411,62060,5.12753,waves
1412,62132,5.12936,waves
1413,62172,5.12881,waves
1414,62214,5.13125,waves
1415,62255,5.20338,waves
1416,62294,5.2037,waves
1417,62325,5.18724,waves
1418,62356,5.18821,waves
1419,62397,5.1874,waves
1420,62433,5.1858,waves
1421,62465,5.18518,waves
1422,62502,5.18591,waves
1423,62534,5.18619,waves
1424,62574,4.97724,waves
1425,62616,4.99036,waves
1426,62656,4.99365,waves
1427,62702,4.99489,waves
1428,62739,4.99147,waves
1429,62780,4.9953,waves
1430,62824,4.99318,waves
1431,62862,4.99592,waves
1432,62903,5.02486,waves
1433,62934,5.02219,waves
1434,62975,5.01123,waves
1435,63006,5.00979,waves
1436,63037,5.01101,waves
1437,63078,5.00752,waves
1438,63120,5.0086,waves
1439,63159,5.01145,waves
1440,63200,5.01065,waves
1441,63231,4.78738,waves
1442,63272,4.76558,waves
1443,63304,4.75987,waves
1444,63339,4.7639,waves
1445,63383,4.7602,waves
1446,63422,4.76011,waves
1447,63465,4.75955,waves
1448,63505,4.76344,waves
1449,63545,5.20557,waves
1450,63576,5.21285,waves
1451,63618,5.23878,waves
1452,63658,5.23806,waves
1453,63690,5.23697,waves
1454,63720,5.23944,waves
1455,63752,5.23832,waves
1456,63793,5.23702,waves
1457,63824,5.23802,waves
1458,63855,5.07251,waves
1459,63896,5.08113,waves
1460,63935,5.08345,waves
1461,63975,5.08159,waves
1462,64006,5.0881,waves
1463,64047,5.08884,waves
1464,64088,5.08664,waves
1465,64128,5.0856,waves
1466,64169,5.05595,waves
1467,64210,5.05244,waves
1468,64251,5.04687,waves
1469,64292,5.04791,waves
1470,64327,5.04586,waves
1471,64362,5.0475,waves
1472,64402,5.04456,waves
1473,64436,5.04931,waves
1474,64468,5.04708,waves
1475,64504,5.12667,waves
1476,64545,5.1098,waves
1477,64586,5.10826,waves
1478,64626,5.11125,waves
1479,64658,5.10956,waves
1480,64699,5.10807,waves
1481,64740,5.11438,waves
1482,64781,5.11168,waves
1483,64812,4.94652,waves
1484,64843,4.94451,waves
1485,64874,4.94149,waves
1486,64916,4.94385,waves
1487,64955,4.93481,waves
1488,64995,4.93828,waves
1489,65027,4.93875,waves
1490,65067,4.93853,waves
1491,65108,5.1012,waves
1492,65149,5.10846,waves
1493,65367,5.1024,waves
1494,65595,5.03139,waves
1495,65750,5.03359,waves
1496,65807,5.13401,waves
1497,65842,5.14345,waves
1498,65872,5.17737,waves
1499,65914,5.1764,waves
1500,65954,5.17805,waves
1501,66082,5.17923,waves
1502,66135,5.27667,waves
1503,66174,5.23465,waves
1504,66210,5.23159,waves
1505,66251,5.23067,waves
1506,66292,5.23341,waves
1507,66332,5.22798,waves
1508,66373,5.0214,waves
1509,66630,5.02323,waves
