timestamp,iteration,rms,unit,z1,z2,z3,z4,z5,z6,z7,z8,z9,z10,z11,z12,z13,z14,z15
2025-12-01 10:30:17,0,3.469825924,waves,-0.01448409446,0.01215043757,2.905566726e-05,-0.002502797171,4.963610263e-05,0.001652780338,-0.001383274328,-0.0006542782066,0.0001310831431,0.001070662867,-0.0002756937174,0.001071722596,0.0004817162117,-7.60203402e-05,0.0004558234941
2025-12-01 10:30:17,1,0.01539949001,waves,0.006043973379,-0.005323529243,0.002021436114,0.0003492078977,0.000503629446,-0.006309553981,-0.001875460031,-0.0004575549101,0.001529734349,0.001621362986,-0.0002378857171,-6.677187048e-05,0.0002261313057,0.0007061155047,-0.0006677990314
2025-12-01 10:30:18,2,0.0114241747,waves,0.009078201838,0.0001931813604,-0.005546154454,-0.002542805392,0.001766783535,-0.005391225684,-0.002471091691,-0.001666164375,0.002958421828,0.001303514116,0.0006223386736,0.0003316764778,-7.294730312e-05,0.0005012881593,0.0003242033999
2025-12-01 10:30:18,3,0.01421693186,waves,0.01003694721,-0.01075336523,0.0021978023,-0.004603276961,0.001662225695,-0.00207458809,-0.001887899707,-0.00124983897,0.002343860921,0.0004745300685,0.002085402608,0.0006245243712,0.0004859761102,-0.001182338223,-4.04065031e-05
2025-12-01 10:30:18,4,0.00995433679,waves,0.003181302687,-0.003971680533,0.003588306485,-0.003368972801,0.003818515223,-0.006165432744,-0.00284898933,0.0002349921706,0.00184508448,0.001662489376,0.0001938916685,0.0003539917525,0.0001792919793,0.000708781532,-0.0002043893473
2025-12-01 10:30:18,5,0.0191590614,waves,-0.0005694042775,0.01175512653,0.001779152197,-0.006634357851,-0.00160551921,-0.007477394305,-0.001993363257,-0.001127166441,0.003397313878,0.001160145388,0.001241736347,0.0006025776966,0.00065254746,0.0004372606054,-0.0005982339499
2025-12-01 10:30:18,6,0.02358805536,waves,0.01639122888,-0.01172951795,-0.004080083221,-0.005453466438,0.005021215882,-0.005663105752,-0.0008491026238,-0.0002781545627,0.003584085265,0.001788093592,0.001204097294,0.0005918970564,-0.0003053921682,-0.0001314794354,0.0003796185774
2025-12-01 10:30:18,7,0.01192733073,waves,-0.003646029625,-0.003822597908,0.008941771463,-0.004674920347,0.001560483011,-0.002806527773,-0.000918521022,-0.001532081631,0.002348674927,0.00192497368,0.0008808161365,0.0009620506899,-0.0003615430905,-0.0005916281953,0.0009188396507
2025-12-01 10:30:18,8,0.01186627625,waves,-0.002770764986,-0.004444392398,0.007859066129,-0.006737415213,-0.001379527966,0.00057952106,-0.0003585301165,-0.001133508631,0.001872086897,0.002167487051,0.001590530737,0.001192542491,0.0006342270062,-0.0007032538997,0.0009339072858
2025-12-01 10:30:18,9,0.03046386052,waves,0.02156561799,-0.02927430719,0.01026573405,-0.006510759238,-0.0009175991872,-0.0004273760715,-0.001146951341,0.001547753811,0.002316527069,0.0003685407282,0.001456885599,0.0008503115387,-8.302388596e-05,5.006076026e-05,-0.0004738462158
2025-12-01 10:30:18,10,0.03695484347,waves,0.02880943194,-0.03249907121,0.0115026487,-0.008511921391,-0.0001144628768,-0.005271594506,0.0008282217896,0.0006929573137,0.002685613697,0.0001011319619,0.0005594821414,0.001316386973,0.0003184193338,-0.0003497880243,9.94900256e-05
2025-12-01 10:30:18,11,0.03155775238,waves,0.03005653992,-0.03068303131,0.0003484476474,-0.004118742421,0.001299329917,-0.005645262077,-0.0006230662111,-0.0001251735084,0.003795397934,0.002140050288,0.0008440552629,0.0003748847812,0.000719441683,4.593891208e-05,0.0006595132872
2025-12-01 10:30:18,12,0.02103468244,waves,0.01758894883,-0.007462016307,-0.004818996415,-0.005220374558,0.0002724010847,-0.006196374074,-0.001254620845,-0.0003717605141,0.003064427525,0.001445804373,0.001139061875,0.0009189613629,-5.99227169e-05,-0.0002142126614,-8.061256813e-05
2025-12-01 10:30:19,13,0.03158718357,waves,0.0434904024,-0.02827301435,-0.00706325518,-0.005849304143,-0.0020541579,-0.006811300293,0.0006900494918,0.001703762333,0.004144966602,0.0008836577763,0.0009068090585,0.0004997297074,0.0002985191823,-0.0003454614198,-0.0008956989623
2025-12-01 10:30:19,14,0.02755621982,waves,0.01502917241,-0.02315666713,0.0125800427,-0.009034883231,-0.0008207189385,-0.006137602031,0.0004268116027,0.002574687125,0.002407423221,0.001324029523,0.0001046882389,0.001034252346,-9.004979802e-05,0.000755952613,0.001172745018
2025-12-01 10:30:19,15,0.02650556013,waves,0.002747938503,-0.01468293928,0.01515517756,-0.007772109471,0.002826374257,-0.001349717495,-0.000729262305,-0.0004294174723,0.0007922692457,0.0006985500222,0.0010986618,0.0007526184781,0.000291409815,-0.0001858758478,-1.067654193e-05
2025-12-01 10:30:19,16,0.01045900926,waves,-0.0008174871909,0.001069458784,0.002041095635,-0.008130260743,0.001985503826,-0.00330662448,-0.0008582614246,0.000402828271,0.002174586523,0.003079862799,0.001252778806,0.0009271917515,0.0003988081007,0.000264659262,-0.0003398581757
2025-12-01 10:30:19,17,0.02432463501,waves,0.008147490211,-0.02033621073,0.007930113003,-0.007530205417,0.004801025148,0.001424649847,-0.0009238513885,0.0002581165172,0.0001656347158,0.003379163332,0.0008504968137,0.0007248875918,-4.806636207e-05,-0.0005375468754,0.0005856988137
2025-12-01 10:30:19,18,0.02305749294,waves,-0.003055244219,0.01224029996,-0.01283223182,-0.003881065175,0.0048347353,-0.000557091902,-0.0003148731194,-0.001617673552,0.002216333756,0.002878834261,0.0006932964316,1.965442607e-05,0.000136516639,-0.0005413917243,-0.0005262896884
2025-12-01 10:30:19,19,0.02556391734,waves,0.004667889792,0.00855486095,-0.01636963524,-0.004780903459,0.004801364616,-0.00178688264,-0.0002376149641,-0.002046987182,0.002814779989,0.003185683396,0.001823837869,-0.0001762543689,0.000404358696,0.000132933812,-0.0003094515414
2025-12-01 10:30:19,20,0.03067710951,waves,0.002536156913,0.01945698261,-0.02338583954,-0.002213051775,0.0014994269,-0.003545879154,0.0006550656981,-0.0009107301012,0.002728856169,0.001686652075,0.00115229527,-7.870047557e-05,0.0008305809461,0.0002199044393,0.0007624243735
2025-12-01 10:30:19,21,0.0375298597,waves,0.01397376135,0.008967875503,-0.02567445673,-0.004061688203,0.000853356265,0.00137331849,-0.0002635005803,-0.0006668128772,0.00338718039,0.0008031892939,0.0009708391735,0.0001984661358,0.0004695581156,-0.0002660769096,0.0007377500879
2025-12-01 10:30:19,22,0.03361844711,waves,0.03615835309,-0.01850378886,-0.02030042373,-0.004660901614,0.001504569664,-0.0004442358913,-0.0008340096101,0.0003633451706,0.003673549974,0.001510423026,0.001214266522,0.0004506013065,3.911690874e-05,0.0001132998223,-0.0005221632309
2025-12-01 10:30:20,23,0.02320093986,waves,0.02218297869,-0.009020222351,-0.01483109687,-0.002094047144,0.0009069787338,-0.001680257032,-0.001016306458,0.0001062764131,0.003194483928,0.001371684833,0.0008839769871,8.557766705e-05,0.0002779526985,-0.0001803585037,-0.0001318047143
2025-12-01 10:30:20,24,0.03283594593,waves,0.04065626115,-0.02103345096,-0.01935875602,-0.003710603341,0.002693022601,-0.00423568394,-0.0005825458211,5.088890612e-05,0.003123861505,0.0007521989173,0.001377724693,0.0005228805239,-0.0001187149246,-0.0003220573126,-0.0003687154967
2025-12-01 10:30:20,25,0.03195141929,waves,0.03051768802,-0.0127682751,-0.02056100219,-0.003487442387,0.004671501927,-0.003192798933,-0.001228822395,-0.0003837122931,0.003748673946,0.001719488646,0.001546509913,-5.633597175e-05,0.0003240301739,-3.074649067e-05,-0.0006104104104
2025-12-01 10:30:20,26,0.03426727495,waves,0.0321756117,-0.01855732687,-0.01597611047,-0.003931092098,0.002332089003,-0.002877112245,-4.85019591e-05,-0.0004771213862,0.003484220011,0.002396637574,0.0004188933817,-5.691869774e-06,-0.0001645225566,2.684444735e-05,9.433403466e-05
2025-12-01 10:30:20,27,0.02802760119,waves,0.0324366577,-0.009860063903,-0.02002913877,-0.002837757813,-0.001104786061,-0.003372939071,0.0001567068539,-0.000474752218,0.002705371473,0.001135388156,0.001007705461,-5.717574459e-05,0.0007615389768,4.443308353e-05,-0.0004935311154
2025-12-01 10:30:20,28,0.01665237538,waves,0.02058786899,-0.01297977939,0.0005044688005,-0.008120826446,-0.001963151153,-0.006389890797,-0.0007362870965,0.0002578633139,0.002129622502,0.002411475405,0.0003947595542,0.0008963429136,0.0008035989595,0.001176844235,0.0008426085697
2025-12-01 10:30:20,29,0.03236469658,waves,0.0221700985,-0.02947498672,0.0103318803,-0.007453264203,0.001430126955,-0.003700318281,-0.0007605396677,0.0007698424743,0.001004024525,0.001805003383,0.0007087432314,0.000996440067,0.0003603509103,-0.000246553449,0.001407388132
2025-12-01 10:30:20,30,0.01522727814,waves,0.01071466226,-0.01533017494,0.004108356312,-0.007003127597,0.004130753223,-0.003301068442,-0.0008565945318,0.0006672643358,0.003332866123,0.001137380488,0.0008993384545,0.0006617427571,0.0003198648628,0.0004146434949,0.0008953542565
2025-12-01 10:30:21,31,0.008126435431,waves,-0.01262202952,0.003541085636,0.002012143843,-0.003614259185,0.002156530274,-0.0008122096187,-0.001997075509,0.0004713739327,0.003721768968,0.002747181337,0.0006909114309,0.0007744925679,0.0007967318525,-7.765763439e-05,0.0008608317003
2025-12-01 10:30:21,32,0.01590510637,waves,-0.01144706458,0.008852792904,-0.00211118767,-0.004413390066,0.002170419786,-0.003265360137,-0.0007067371043,0.0004947035923,0.002988421591,0.003453317098,0.0009679569048,0.0004050440621,0.0007793723489,0.0002761741925,0.001274057664
2025-12-01 10:30:21,33,0.01510156686,waves,-0.009152671322,0.01445277222,-0.002618646016,-0.007861925289,0.002960145473,-0.004102180712,-0.0003956531,-0.0004622935376,0.002239746973,0.002173112007,0.001716602477,0.0007572846371,0.0007333224639,-0.0001465078385,-0.0001422718487
2025-12-01 10:30:21,34,0.0220260561,waves,-0.02262708358,0.01560410485,0.01335442625,-0.007482728455,0.001602819539,-0.005392147228,-0.002300573979,-0.0009067253559,0.001548823318,0.003035430796,0.001101515256,0.001110083773,0.0002416198113,-0.0002834707557,0.0003205353278
2025-12-01 10:30:21,35,0.01895024147,waves,-0.008498819545,0.002958600642,0.01135712396,-0.007636989933,0.003198643913,-0.006964372937,-0.001573119662,0.000219736743,0.002465838334,0.001927873585,0.0007337396382,0.0005159449065,0.0003783238644,0.0008999686106,0.0004128867004
2025-12-01 10:30:21,36,0.02235022497,waves,-0.01532065962,0.007485762704,0.01149293594,-0.009459255263,0.003380699549,-0.005586482584,-0.001725883689,0.0002496225352,0.002004796872,0.004521402065,0.000884778623,0.0005368348793,0.0002881825494,0.000635826902,-1.521167542e-05
2025-12-01 10:30:21,37,0.02506880743,waves,-0.0195749402,0.02053952217,0.001975643449,-0.01177374087,0.002857099054,-0.004125223961,-0.0004198171082,-0.001015476533,0.003565942636,0.004280905705,0.00057849515,0.001695191604,0.0008675191784,0.0002948821639,-0.000226296499
2025-12-01 10:30:21,38,0.01639385872,waves,0.002617833903,0.001091969432,-0.003455133177,-0.01082409546,0.002985306084,-0.003568971995,0.0007454308798,0.0008628275828,0.003126915079,0.003746055532,0.0004600108368,0.001327371807,0.0006755379145,-0.000218349538,-6.908499927e-05
2025-12-01 10:30:21,39,0.01675193365,waves,-0.007374293637,0.009691827931,0.002693836344,-0.007632659283,0.0003273457114,-0.005465715658,8.021832764e-05,0.0002085623128,0.002844721777,0.002412108704,0.0001169380776,0.0006694271578,0.0003978105669,0.0003795171215,-0.0003221241641
2025-12-01 10:30:21,40,0.01441318208,waves,-0.005426695105,0.005612620618,0.002630691975,-0.01023867819,0.002054316457,-0.002110048197,-0.0001582778204,-0.000355425931,0.002408937085,0.00214750343,0.0008762821089,0.001245404594,0.0006940084277,-7.832515985e-05,-0.000221319453
2025-12-01 10:30:22,41,0.01884358597,waves,-0.01078458689,0.01099487301,0.0001064437311,-0.009272223338,0.001859003329,0.002034239238,0.0009883907624,-0.0004161011893,0.001923841424,0.001997337677,0.000624407141,0.0002784444077,0.0006770724431,-0.0002414738847,0.0003073572298
2025-12-01 10:30:22,42,0.01723312438,waves,0.008451691829,-0.02006324194,0.006409716792,-0.01008544769,0.002788649639,0.004352928605,4.68731514e-06,0.000462784461,0.002200449351,0.003433120903,0.0004072067677,0.0005871557514,7.977558562e-05,-0.0004245586169,0.0004894221202
2025-12-01 10:30:22,43,0.02239226235,waves,0.002671506954,-0.01344975457,0.007042596117,-0.01444848999,0.005361927673,0.004372069612,-0.0002450163302,0.0005853174953,0.001494271797,0.002897819737,0.002075541532,0.001264598453,-0.0006970732938,-0.0002666900109,0.0006977892481
2025-12-01 10:30:22,44,0.02432598663,waves,0.01242549997,-0.02091517672,0.005608305801,-0.01047162153,0.003121183719,0.001343876007,-0.0007914607995,0.0009523857152,0.002490872284,0.003175812773,0.001113203936,0.0003521110921,-0.0002083748259,-0.0005044685095,0.001098675421
2025-12-01 10:30:22,45,0.02033716537,waves,0.00502474606,0.006024011876,-0.01315267943,-0.009569324553,0.005080633797,0.000348134432,0.001175507205,-0.0005129592028,0.002008771291,0.001114490908,0.001295943046,0.0004314261314,4.946585977e-05,5.108943151e-05,0.0004598677915
2025-12-01 10:30:22,46,0.02862510773,waves,0.029588148,-0.01305992622,-0.01896957867,-0.008550885133,0.00391083397,-0.00322091789,-0.0001853668218,0.0001849213731,0.003850226058,0.003143389709,0.001248570043,0.0002363944222,0.000463888864,0.0003542166087,0.0009991326369
2025-12-01 10:30:22,47,0.02662039298,waves,0.03205751255,-0.01309877634,-0.01880188659,-0.006771832239,0.00361370598,-0.002876323415,-0.002321698703,-0.0004793623521,0.003804342123,0.003679580521,0.0001640706905,0.0001860889024,0.0003794094373,0.0004569531884,0.0001730830263
2025-12-01 10:30:22,48,0.01584549073,waves,0.001410495373,0.004261101596,-0.008976815268,-0.004474381916,0.003223054344,-0.001797938836,-0.0004286760814,-0.0001780561288,0.002027974231,0.003100817557,0.001133984537,0.0007617141237,0.0003951114777,-0.0006559045869,0.0001997022628
2025-12-01 10:30:22,49,0.0130736281,waves,0.0001281766599,0.005474203732,-0.002522812458,-0.008612215519,0.002008799464,-0.001770221745,-0.0004847290984,-0.0003242029052,0.002552945167,0.0008361181826,0.0007770610973,0.000579276646,-2.785662764e-05,-0.0001907637925,-0.0003454820544
2025-12-01 10:30:23,50,0.01854041191,waves,-0.005116171204,0.01584335044,-0.00960105937,-0.00771599263,0.0005473552155,-0.002143838443,-0.0002379160142,-0.0001774781267,0.001864598715,0.003661551978,0.001907440717,0.0008736114833,0.0005061012344,6.506122008e-05,0.0005727420212
2025-12-01 10:30:23,51,0.015904938,waves,0.0005075298832,-0.009940982796,0.006867077667,-0.008554877713,0.001818962395,-0.0006850362406,0.0003876010596,8.994328527e-05,0.001872082357,0.002848654753,0.00147232064,0.0006573039573,0.0006801966811,-0.000107150132,0.001814268879
2025-12-01 10:30:23,52,0.01703986107,waves,-0.003331855172,-0.008236935362,0.01130694058,-0.008032536134,0.002187670441,-0.002081410959,-0.0008448504377,0.0005832749885,0.001864990452,0.002617396414,0.0004742225865,0.000893220189,0.0004576103238,-6.897009007e-05,0.001295834198
2025-12-01 10:30:23,53,0.0129816927,waves,-0.01482251193,0.004949723836,0.009793169796,-0.008935267106,0.003604815574,-0.0001744239707,-0.001420503715,0.0001414801809,0.00205618469,0.001776885358,0.001208035043,0.000734900299,0.000146427119,-1.763715227e-05,0.0003403821611
2025-12-01 10:30:23,54,0.01647158722,waves,-0.008339119144,-0.004535140935,0.01362309419,-0.01048305724,0.00403160695,-0.000511962804,-0.001575244474,0.0006462103338,0.002757630311,0.002888198243,0.0001566724241,0.0006685194094,0.0002065649751,0.000324012246,0.0006851458456
2025-12-01 10:30:23,55,0.0201426619,waves,-0.004762514029,-0.0145997582,0.01226749178,-0.00864362251,0.004542355426,0.001247081091,-0.0006766994484,0.0006762846024,0.003126541618,0.003925865982,0.0001007230603,0.0008256335859,4.982578321e-05,-0.0001815632131,0.00109140412
2025-12-01 10:30:23,56,0.01385407702,waves,-0.007785555907,-0.004432097543,0.009517968632,-0.009809440933,0.004069753457,-0.001197705744,-0.001341176569,0.0005877004587,0.002889273455,0.00353009114,0.001444823341,0.0007698201807,0.0005485388683,9.895132825e-05,0.001509436406
2025-12-01 10:30:23,57,0.02727395786,waves,0.01453816704,-0.02434762754,0.005519013386,-0.008876868524,0.004052084871,-0.001297624782,-0.0006069512456,0.001506812987,0.003137808293,0.002639044309,0.002194738016,0.000488325546,0.000269659271,-0.0005240910687,0.0005263491767
2025-12-01 10:30:23,58,0.01403690753,waves,0.0005046426086,-0.007934456691,0.004027361982,-0.009452632628,0.003642039141,0.0007295426913,-0.001539280755,-2.491996383e-05,0.002796242246,0.003701451235,0.0009758368833,0.001120604342,0.0003790738992,0.000116444804,0.0008804355166
2025-12-01 10:30:23,59,0.03172813228,waves,0.01752316765,-0.02566732094,0.00588254584,-0.009576605633,0.004769881722,-0.001986733871,-0.001167750452,0.0005289289984,0.002890121192,0.003421257949,0.000757303671,0.0006681889063,0.0004946689587,-0.000210808983,0.0001344599586
2025-12-01 10:30:24,60,0.01515728588,waves,0.003336695954,-0.007608281448,0.002265258227,-0.01130625419,0.006034006365,-0.00148882193,-0.001350795617,0.0003617710026,0.003114462364,0.002980998019,0.001021694159,0.0009789923206,0.000140084303,0.0004459186166,0.00091807032
2025-12-01 10:30:24,61,0.02052567684,waves,0.01181134954,-0.01960883848,0.002131698187,-0.009315802716,0.00445380481,-3.224081593e-05,-0.0009141034097,0.0001851645648,0.003129352583,0.00297142053,0.001827802858,0.0003232629097,0.0004712496593,-0.0001447296527,0.001307206228
2025-12-01 10:30:24,62,0.01333812323,waves,-0.005890837405,0.001975354506,0.004173930269,-0.009492445737,0.004898604006,-0.002494878834,-0.0002174635592,-7.815739082e-05,0.002219807589,0.001454305369,0.001506801695,0.0006270055892,9.844113811e-05,0.0002617563296,-4.223700671e-05
2025-12-01 10:30:24,63,0.02162835303,waves,0.006658411119,-0.01714676619,0.01012640446,-0.01111733168,0.005975441076,0.0008248409722,8.226303908e-05,8.081174747e-05,0.002121187281,0.000739381765,0.001402784488,0.0008062086417,7.582852413e-05,-0.0005120522692,0.0004123735125
2025-12-01 10:30:24,64,0.01890168584,waves,0.0005265024956,-0.01056028623,0.0109891491,-0.01041479502,0.003810485359,-0.001189436414,-0.001496359706,0.0001723257737,0.001392713515,0.002488996368,0.001485354267,0.001076473389,0.0001229486516,-0.0005512492498,0.0006605602102
2025-12-01 10:30:24,65,0.02004980416,waves,-0.000681895297,-0.01143004093,0.00963531062,-0.01194895804,0.004447377753,0.00113477069,-0.001262741629,0.0004845205985,0.002937580459,0.002891068114,0.001095981919,0.0005994787207,6.127358211e-05,0.0001995739294,0.0007673520013
2025-12-01 10:30:24,66,0.01843950539,waves,0.01081212424,-0.0123761883,0.001128717442,-0.0121798357,0.003065776546,0.0008744479856,-0.001213452546,0.0003313340421,0.002796698129,0.003192550037,0.001729671261,0.0006674992037,0.0002391640446,-0.0001944819232,0.001206963439
2025-12-01 10:30:24,67,0.01865742884,waves,0.007581437938,-0.005810063332,1.87333826e-05,-0.0113882497,0.003006713232,-0.000717577117,-0.0008759251796,0.001382909133,0.003185614478,0.0007147571887,0.001010734355,0.0006072092801,0.0009000927093,-0.0001184006323,0.0007944054087
2025-12-01 10:30:24,68,0.02190114147,waves,0.02341225557,-0.02003354207,0.000336717756,-0.009392344393,0.002823571675,-0.001094010775,-0.001403949107,8.233335393e-05,0.002696983749,0.0006786032463,0.0004627215967,0.0004166945582,-0.0002914229117,-6.07509246e-05,0.0002701544145
2025-12-01 10:30:24,69,0.01445314899,waves,0.0005017807125,0.001104494091,0.001400980051,-0.009960729629,0.001342003816,-0.001727568917,-0.0008996737306,0.0009013075614,0.003060900839,0.000308024697,0.001300754142,0.0009182906942,0.000615549041,-0.0001232897484,0.0004057551851
2025-12-01 10:30:25,70,0.01314298036,waves,0.00399320107,-0.003351368476,0.002707921201,-0.009242786095,0.003537323792,-0.003365147393,-0.0008995200624,-0.0001687728509,0.002342715161,0.001028942643,0.0009814656805,0.0008264883654,-0.0001763071486,0.0004387296503,-0.0004009305849
2025-12-01 10:30:25,71,0.01852478784,waves,0.01445496548,-0.01325374283,0.001535208547,-0.01072702836,0.003186754417,-0.001627735561,-0.000513318344,0.0007613096386,0.002391983289,0.001263274346,0.0009351418703,0.0008250480751,-0.000281338318,-0.0003835159878,0.001080018817
2025-12-01 10:30:25,72,0.02470592953,waves,0.01189985592,-0.01940173469,0.005284642335,-0.01148195192,0.003042204306,-1.09644634e-05,-0.0003814951342,0.0009020201978,0.002843379742,0.003411265323,0.001756919315,0.0009396176902,0.0003939563176,-5.041858458e-05,0.001552049071
2025-12-01 10:30:25,73,0.02491412019,waves,-0.001131872996,-0.01273196191,0.01226192061,-0.007754279766,0.003110073507,-0.001241975348,-0.0007913478767,1.713741949e-05,0.002734937938,0.002142043784,0.001164750545,0.0007193057681,-9.292618051e-05,0.0002809463476,0.0008733660216
2025-12-01 10:30:25,74,0.4345058687,waves,0.6212721467,-0.2372547388,-0.01321740076,-0.03221171349,-0.3576208651,0.02690557949,0.007780066226,-0.003344967263,-0.007367041428,-0.0005126147298,0.001299518044,-0.001968287397,-0.006344421767,-0.00192674587,-0.001876662485
2025-12-01 10:30:25,75,0.6367338952,waves,0.9294305444,-0.3231652379,-0.05609638616,-0.02837086655,-0.5430593491,0.002756155329,0.009674263187,-0.002051333664,-0.005805154331,0.007202828769,0.003891950939,-0.002332143486,-0.002468244871,0.001367521356,0.002194718691
2025-12-01 10:30:25,76,7.418067373,waves,6.621876717,1.268971562,0.130634889,-7.202697277,-0.9220063686,0.01477247383,0.1717942655,0.09538983554,0.10413149,-0.1029707342,-0.06912820786,-0.1710996628,0.2490711212,0.02232333831,-0.3091168702
2025-12-01 10:30:26,77,7.458957646,waves,6.677481174,1.26240325,0.124927938,-7.245984554,-0.9269994497,0.01393591706,0.1749203056,0.09757957608,0.1056011245,-0.1040865779,-0.06939511746,-0.1704007536,0.2519348264,0.02363626659,-0.313151598
2025-12-01 10:30:26,78,7.497362192,waves,6.683713913,1.288716912,0.1257429123,-7.280385494,-0.9293131232,0.01299936324,0.176202178,0.09882418811,0.1077008173,-0.1051137373,-0.07011634856,-0.1708297133,0.2546845376,0.02448709309,-0.3153671324
2025-12-01 10:30:26,79,7.524002731,waves,6.729083538,1.281165242,0.1210285798,-7.306972027,-0.9355903268,0.01375554688,0.176974982,0.1005021781,0.1071805507,-0.1051416174,-0.06977050751,-0.1698438376,0.2557082772,0.02311038598,-0.3183224499
2025-12-01 10:30:26,80,7.558254568,waves,6.76252985,1.285512567,0.11854285,-7.341071606,-0.9379935265,0.01416305918,0.1784688085,0.1014000624,0.1098964587,-0.107177414,-0.07011147588,-0.1697606593,0.2575456202,0.02445214614,-0.3210501671
2025-12-01 10:30:26,81,7.583620908,waves,6.770904064,1.301448226,0.1155341268,-7.362266064,-0.9406449199,0.01347790472,0.1795675755,0.1017389148,0.1103785262,-0.1063311324,-0.07076830417,-0.1710890085,0.2593795657,0.02431152388,-0.3226948082
2025-12-01 10:30:26,82,7.602325946,waves,6.801609039,1.297736883,0.1146978214,-7.38282156,-0.9454253316,0.01225041039,0.1821424365,0.1036625504,0.1089565232,-0.1086492464,-0.07051030546,-0.1695364416,0.2603618801,0.02314196527,-0.3259603679
2025-12-01 10:30:26,83,7.161542772,waves,6.406188965,1.257938743,0.1845600307,-6.94460392,-0.9693095088,-0.003106275341,0.1679927558,0.08666530252,0.1016560793,-0.1115270406,-0.0578591153,-0.1424312741,0.2216651142,0.02416101843,-0.292929709
2025-12-01 10:30:26,84,6.77999586,waves,6.182937622,1.209236026,0.2012080252,-6.554369926,-1.035550475,-0.02180156484,0.1315234005,0.05233516172,0.07009159029,-0.08799728751,-0.05380279943,-0.1359182894,0.1870149374,0.01387500018,-0.2437935621
2025-12-01 10:30:27,85,6.786047776,waves,6.15560627,1.237608314,0.2106915861,-6.556896687,-1.036398172,-0.02280119807,0.1304638833,0.05123239011,0.06949589401,-0.08754958212,-0.05439132825,-0.1348640472,0.1856154352,0.01362515427,-0.2437879145
2025-12-01 10:30:27,86,6.79121779,waves,6.172546387,1.22962904,0.215619728,-6.562914848,-1.03960824,-0.02133981697,0.1284876019,0.0514046587,0.06746869534,-0.0882788226,-0.05507087335,-0.1358148605,0.1853999943,0.01297790464,-0.2425582111
2025-12-01 10:30:27,87,6.79587757,waves,6.191246986,1.240627885,0.2036468834,-6.565776348,-1.045272231,-0.02302712202,0.1296798289,0.05066899583,0.06658328325,-0.08858393878,-0.05530582368,-0.1355078369,0.1854081005,0.01268258877,-0.244650349
2025-12-01 10:30:27,88,6.794540057,waves,6.219965935,1.222103477,0.1974148452,-6.567563057,-1.046895981,-0.02576771751,0.1283564419,0.05065706745,0.06828343868,-0.0888653174,-0.05566340312,-0.1353181899,0.1855615675,0.01373429224,-0.2426539958
2025-12-01 10:30:27,89,6.796373478,waves,6.222669125,1.215976238,0.1939082593,-6.571196079,-1.046186447,-0.02725490928,0.1300776005,0.05218454078,0.06864835322,-0.09047965705,-0.05407222733,-0.1336520016,0.1863606423,0.01345238276,-0.2440991998
2025-12-01 10:30:27,90,6.799895701,waves,6.229912281,1.212326407,0.1933836937,-6.573420048,-1.047434807,-0.02573231608,0.1290937066,0.05165260285,0.06946095824,-0.08972468972,-0.05499238893,-0.1341429055,0.1864354014,0.01351173688,-0.2436043918
2025-12-01 10:30:27,91,6.804137084,waves,6.243842125,1.218967557,0.181390062,-6.577256203,-1.050697207,-0.0262436308,0.1300411969,0.05251970142,0.06971446425,-0.08837220818,-0.05391029269,-0.1339663863,0.1868541092,0.01289857738,-0.2443339974
2025-12-01 10:30:27,92,5.772744224,waves,5.34381628,1.153447151,0.2910170555,-5.495621681,-1.159509659,-0.09020683914,0.115662314,0.002348838374,0.03413163498,-0.09551602602,-0.01502469927,-0.09338221699,0.1082208231,0.01199163031,-0.1751623899
2025-12-01 10:30:27,93,5.754621058,waves,5.353011131,1.144523978,0.2853493989,-5.477203369,-1.163627028,-0.09164719284,0.1162529737,0.001465166337,0.03444941714,-0.09582279623,-0.01539232116,-0.09376968443,0.107257627,0.01228512265,-0.1762235314
2025-12-01 10:30:28,94,5.753029361,waves,5.333729744,1.15998733,0.2867419422,-5.471926212,-1.168424845,-0.09171816707,0.1149574369,0.0008899676031,0.033073131,-0.09553653002,-0.0152273206,-0.09175247699,0.1072138622,0.01158546936,-0.175116837
2025-12-01 10:30:28,95,5.74664821,waves,5.338416576,1.148289442,0.2938414216,-5.468061924,-1.168843985,-0.09526087344,0.1149167269,0.001183571876,0.03324292973,-0.09529349208,-0.01491019968,-0.09260638803,0.1067694649,0.01220741682,-0.174627766
2025-12-01 10:30:28,96,5.748004843,waves,5.317873478,1.166710734,0.2983223796,-5.466950417,-1.168398261,-0.09600114077,0.1131131947,0.0002024710848,0.03300890699,-0.09536302835,-0.01590381935,-0.09246957302,0.1064519137,0.01175960153,-0.1746337414
2025-12-01 10:30:28,97,5.749419923,waves,5.329937458,1.164356709,0.2898244858,-5.46720314,-1.180390477,-0.09105566889,0.1147641614,0.000414156093,0.03119922616,-0.09422685206,-0.01331430953,-0.09019066393,0.1067747399,0.01063291263,-0.1742923558
2025-12-01 10:30:28,98,4.668257231,waves,4.514324188,1.007452369,0.4036336839,-4.340045929,-1.294038534,-0.1486807615,0.06509237736,-0.04014933482,-0.01443580631,-0.08741573244,-0.00606234232,-0.05075759068,0.03480020538,0.004584154114,-0.1004972681
2025-12-01 10:30:28,99,4.627316214,waves,4.510294437,0.9847921729,0.3995088935,-4.296686649,-1.304432988,-0.1480400711,0.06159385666,-0.04178161174,-0.01443581842,-0.08713140339,-0.005844552536,-0.04828654975,0.03194108605,0.003652147716,-0.09542796016
2025-12-01 10:30:29,100,4.608734609,waves,4.500247002,0.9772208929,0.4022271335,-4.275159836,-1.31307292,-0.1470735371,0.06058216467,-0.0430143103,-0.01671699248,-0.08453523368,-0.005669198465,-0.04871311784,0.03125387058,0.003127870616,-0.09379313141
2025-12-01 10:30:29,101,4.584969938,waves,4.489590168,0.9644708037,0.4143251479,-4.250600338,-1.320851922,-0.1481117457,0.05910729989,-0.04348867387,-0.01796196774,-0.08221139014,-0.007485240698,-0.04746390879,0.02990871854,0.003226496978,-0.09212891757
2025-12-01 10:30:29,102,4.57953307,waves,4.498304844,0.9675126672,0.4041807055,-4.241556644,-1.325618744,-0.156039387,0.05916373804,-0.04246333987,-0.02035281062,-0.08197148144,-0.005549583118,-0.04662038758,0.02887750231,0.003233714728,-0.09128776193
2025-12-01 10:30:29,103,4.573225241,waves,4.491176128,0.9658116102,0.4080667496,-4.236899376,-1.328143597,-0.154990539,0.05998330191,-0.04184180126,-0.0195404347,-0.08089527488,-0.006353415549,-0.04717114568,0.0286162477,0.003319852287,-0.09156918526
2025-12-01 10:30:29,104,4.349036387,waves,4.36917305,0.8591406345,0.3778027594,-4.023760319,-1.321427703,-0.1492047757,0.05915663391,-0.03789610788,-0.01994984969,-0.06205632538,0.0003384068259,-0.0465490669,0.02444425598,0.002261655638,-0.08228828758
2025-12-01 10:30:30,105,3.330204594,waves,4.011185646,0.4857411385,0.2175113857,-2.956609249,-1.379740596,-0.1818410009,0.03717232868,-0.04401674122,-0.0415151678,-0.08384230733,-0.006302388851,-0.04045997187,0.00168532622,-0.005043870304,-0.05607808009
2025-12-01 10:30:30,106,3.308742321,waves,3.981468439,0.4897031188,0.2101681232,-2.931808472,-1.384705544,-0.1774766892,0.03729816899,-0.04264400899,-0.04304384813,-0.08060050756,-0.004390584771,-0.03879604861,0.001422509085,-0.004535970744,-0.05506980047
2025-12-01 10:30:30,107,3.296959896,waves,4.00695467,0.4564227164,0.205941841,-2.921090126,-1.389823079,-0.1785549074,0.03611315787,-0.04164987057,-0.04337563738,-0.07907783985,-0.003747785697,-0.03664350137,0.001481680549,-0.003788942704,-0.05426415801
2025-12-01 10:30:30,108,3.285825127,waves,3.996242523,0.4467163086,0.2168643475,-2.907704353,-1.390933871,-0.1786208451,0.03570690379,-0.04236802831,-0.04419838637,-0.07840406895,-0.003606175305,-0.03665012494,0.0004250369966,-0.004947449546,-0.05399661884
2025-12-01 10:30:30,109,2.028733419,waves,3.402940512,-0.1917856485,-0.1041310579,-1.395910263,-1.385957479,-0.1650681049,0.04198327288,-0.01942794397,-0.0433251895,-0.06581519544,0.005015560891,-0.04174653441,-0.002565278439,-0.007475136314,-0.04435592517
2025-12-01 10:30:31,110,2.016669946,waves,3.412254333,-0.2097337991,-0.1183347926,-1.368404984,-1.389881492,-0.1655764133,0.04353132844,-0.01926873252,-0.04394427314,-0.06594274193,0.005122901406,-0.04114852101,-0.002491611289,-0.008043465205,-0.04447064176
2025-12-01 10:30:31,111,2.000326413,waves,3.415859461,-0.2469376326,-0.1250466257,-1.334620476,-1.394347429,-0.1621202826,0.04285589233,-0.0172535684,-0.04354061559,-0.06431040168,0.006139969919,-0.04000893235,-0.002401484642,-0.008454028517,-0.04291981831
2025-12-01 10:30:31,112,1.997830054,waves,3.427601337,-0.2423511446,-0.1270023733,-1.32619226,-1.398110509,-0.1704374552,0.04077354074,-0.01965905167,-0.04558268562,-0.06512663513,0.004201024771,-0.04119635746,-0.002529341727,-0.007956416346,-0.04399199784
2025-12-01 10:30:31,113,1.989610777,waves,3.413400888,-0.2409166694,-0.1347121894,-1.315414906,-1.398273468,-0.1645202786,0.04051095247,-0.01742280647,-0.04431286082,-0.06522902846,0.004281632137,-0.04003224149,-0.002947607776,-0.007403997239,-0.04257301614
2025-12-01 10:30:31,114,1.986293005,waves,3.423065662,-0.2626501918,-0.1322482526,-1.30584693,-1.399744749,-0.1649878919,0.03918308392,-0.01758525334,-0.0444573611,-0.06634796411,0.005381280556,-0.03966891393,-0.00308597344,-0.007910294458,-0.04262955114
2025-12-01 10:30:31,115,1.987952088,waves,3.438432693,-0.2717042267,-0.1387842298,-1.297736287,-1.401392102,-0.1678658128,0.04124772176,-0.01725331694,-0.04378017411,-0.0673590824,0.004564539529,-0.03976288438,-0.002093252027,-0.007713084575,-0.04447327182
2025-12-01 10:30:31,116,1.980237997,waves,3.409016848,-0.2620677352,-0.1378563046,-1.293144107,-1.399343252,-0.1622898579,0.03992035985,-0.01915239356,-0.04280154034,-0.06424441189,0.005788101815,-0.03929037601,-0.002108244691,-0.006477618124,-0.04309154674
2025-12-01 10:30:31,117,1.804586319,waves,2.622970819,-0.9205632806,-0.4882231951,0.3052151501,-1.397848368,-0.1336721331,0.04845377803,0.00864445325,-0.03123757988,-0.02085447311,0.01713574305,-0.04534561932,0.004480532836,0.00635651825,-0.01809875295
2025-12-01 10:30:31,118,1.842906523,waves,2.609815121,-0.9480916262,-0.4949135184,0.3631398082,-1.405843973,-0.1366309375,0.04778195545,0.01008520648,-0.0331867151,-0.02057516389,0.01694459654,-0.04645941406,0.006186828017,0.007107182872,-0.01845835522
2025-12-01 10:30:32,119,1.857274538,waves,2.600399971,-0.9705553055,-0.4939975441,0.3923661113,-1.404893875,-0.1389816254,0.04811814055,0.01253410242,-0.0349095203,-0.01879692636,0.01598430425,-0.04498675838,0.005252106581,0.008162582293,-0.01553259138
2025-12-01 10:30:32,120,1.850908714,waves,2.564387798,-0.9614133835,-0.4991203845,0.4090182483,-1.395772696,-0.1321267188,0.04654296115,0.008763030171,-0.03133620322,-0.01886419766,0.01674443111,-0.04485031962,0.004944806453,0.008275982924,-0.01522057503
2025-12-01 10:30:32,121,1.877956286,waves,2.584785938,-0.9894085526,-0.4974267781,0.4284313917,-1.404569507,-0.1365952641,0.04590097815,0.01047482621,-0.03297861293,-0.01729481295,0.01490743458,-0.04487448931,0.005332011264,0.00930013787,-0.01524999086
2025-12-01 10:30:32,122,1.875984374,waves,2.558089256,-0.9797149897,-0.5043622255,0.4426388443,-1.404013395,-0.1327471435,0.04667165503,0.01154574845,-0.03319959342,-0.01580659859,0.01614974998,-0.0434846729,0.004945289344,0.008760253899,-0.0136378007
2025-12-01 10:30:32,123,1.889376379,waves,2.552037954,-0.9962813258,-0.5012520552,0.4573851228,-1.405667424,-0.1319981068,0.04727385938,0.01105477754,-0.03095030785,-0.01520333998,0.01630154438,-0.04396098107,0.005961731542,0.008652055636,-0.01435194071
2025-12-01 10:30:32,124,1.894860175,waves,2.566252947,-1.00589478,-0.5089336038,0.4663458169,-1.405821681,-0.1320023984,0.04439097643,0.01267824974,-0.03258311376,-0.01664432138,0.01526252739,-0.044330284,0.00603026757,0.008885291405,-0.01366970502
2025-12-01 10:30:32,125,1.895048853,waves,2.568229198,-1.016488194,-0.5119521618,0.4750295877,-1.404067397,-0.1326184869,0.04522804171,0.01221561339,-0.03215411678,-0.01663543098,0.01462312881,-0.04417308792,0.004944073968,0.008908336051,-0.01381391287
2025-12-01 10:30:32,126,2.824031125,waves,1.80720365,-1.277095914,-0.7850319743,1.836711764,-1.461235404,-0.1846328825,0.09035109729,0.03116818331,-0.04925763234,-0.02609466016,0.03757606447,-0.04370311275,0.003984987736,0.01191157941,-0.02623910457
2025-12-01 10:30:32,127,3.0842139,waves,1.610502362,-1.384045601,-0.8236390352,2.133310318,-1.472567916,-0.1674575061,0.09973146766,0.03639730811,-0.04330676422,-0.01953366213,0.04177754,-0.03908106685,0.004988600966,0.01532881428,-0.01882675849
2025-12-01 10:30:33,128,3.129148658,waves,1.586622596,-1.389626622,-0.8372063041,2.184561729,-1.477666259,-0.1706585884,0.09751675278,0.0392546095,-0.04454847425,-0.01810974628,0.04128941894,-0.03903255984,0.004237143788,0.01449097227,-0.01872849651
2025-12-01 10:30:33,129,3.17891963,waves,1.598412514,-1.413558722,-0.8616175652,2.227897882,-1.483140826,-0.1711063981,0.09643799067,0.04026621953,-0.04507480934,-0.01589257829,0.04179020226,-0.03968079388,0.004550445825,0.01469838433,-0.0186020229
2025-12-01 10:30:33,130,3.198940071,waves,1.578791142,-1.414517283,-0.8652143478,2.249655008,-1.486218929,-0.1689141542,0.09739261866,0.04079970345,-0.04594887048,-0.0126445964,0.04102660716,-0.04090662301,0.004966032226,0.01479271147,-0.01769426651
2025-12-01 10:30:33,131,3.213718133,waves,1.547933578,-1.418161511,-0.847420454,2.276498795,-1.487654328,-0.1686011851,0.09561402351,0.03877858445,-0.04685129225,-0.01478852984,0.04105461389,-0.04031064734,0.004917019047,0.01436655037,-0.0171785485
2025-12-01 10:30:33,132,3.232444053,waves,1.54001379,-1.418350339,-0.8546643257,2.296531677,-1.488477111,-0.1714920253,0.09474126995,0.04011583701,-0.0477437675,-0.01470296737,0.03966619819,-0.03998550028,0.004978259094,0.0139408838,-0.01726708934
2025-12-01 10:30:33,133,3.249189501,waves,1.540873766,-1.43469274,-0.8562098145,2.310945988,-1.491008997,-0.170212552,0.0964012593,0.0409931466,-0.04913619533,-0.0143987108,0.04147475585,-0.03962254152,0.00543584954,0.01409341209,-0.01637839712
2025-12-01 10:30:33,134,3.25642406,waves,1.516355753,-1.415886879,-0.8747773767,2.326742649,-1.489209414,-0.1680475175,0.09615418315,0.03932113945,-0.0455218032,-0.01191311236,0.04063713178,-0.0396926403,0.005416193977,0.01494449284,-0.01530634426
2025-12-01 10:30:33,135,3.278393577,waves,1.533765793,-1.450583935,-0.8660010695,2.340680599,-1.490864635,-0.1712238938,0.09772276133,0.04015510529,-0.04708457738,-0.009609689936,0.04046753049,-0.04091039672,0.0052174991,0.01432134956,-0.0149941016
2025-12-01 10:30:33,136,4.490250786,waves,0.4533851445,-1.633181453,-0.8521251082,3.737117529,-1.611097097,-0.1653113067,0.1029832363,0.08010148257,-0.08692985773,0.03326276317,0.03191740438,-0.02896397188,0.007017738651,0.005563848186,-0.01378094126
2025-12-01 10:30:33,137,4.60671328,waves,0.4066157341,-1.676333666,-0.8660145402,3.851407528,-1.624696732,-0.1622728258,0.1056302711,0.08073198795,-0.08842860162,0.03350767493,0.0303738527,-0.02841395326,0.008164525963,0.005313996691,-0.01395859942
2025-12-01 10:30:34,138,4.664166231,waves,0.3619424105,-1.70455575,-0.8506875038,3.906595707,-1.627256274,-0.1607134044,0.1065487862,0.08487378061,-0.09007968754,0.03612463921,0.02964195609,-0.02815206535,0.009258505888,0.004692267161,-0.01486822311
2025-12-01 10:30:34,139,4.67769571,waves,0.3242407143,-1.66773057,-0.8674122095,3.935750008,-1.628735542,-0.1638475507,0.1049152613,0.08403672278,-0.08974582702,0.03314201161,0.02855269797,-0.02805902995,0.009638307616,0.004939563107,-0.01563002355
2025-12-01 10:30:34,140,4.711030948,waves,0.2944360673,-1.676520824,-0.8721452355,3.969336987,-1.630485773,-0.155363977,0.1079765782,0.08604387194,-0.08887465298,0.03468569368,0.02807989717,-0.02799772285,0.009918316267,0.005113133229,-0.01603901759
2025-12-01 10:30:34,141,4.743174637,waves,0.3123749495,-1.702785015,-0.8931931853,3.991480589,-1.628583312,-0.1569305956,0.1073589474,0.08665563911,-0.08880836517,0.03824061155,0.0294480063,-0.0294076819,0.01032000221,0.004903610796,-0.01590310037
2025-12-01 10:30:34,142,4.760440627,waves,0.3017679155,-1.70694387,-0.8880295157,4.009647369,-1.631249547,-0.1578494012,0.1054841727,0.08758533746,-0.09162745625,0.03945835307,0.02823124453,-0.02994114161,0.01098490879,0.00359138241,-0.01578485593
2025-12-01 10:30:34,143,4.773443825,waves,0.2992922068,-1.707636476,-0.8879948854,4.025473595,-1.638277411,-0.1607818902,0.1052130014,0.08779364079,-0.09005099535,0.03405496106,0.02799568325,-0.03012955748,0.01257652882,0.004318858963,-0.01696437597
2025-12-01 10:30:34,144,4.782930548,waves,0.3180099428,-1.698485017,-0.9230411649,4.031924725,-1.634192824,-0.1676161885,0.1069496125,0.08545140922,-0.0876109153,0.0361366868,0.02800310217,-0.02860749327,0.01003642287,0.005212727934,-0.01631951891
2025-12-01 10:30:34,145,4.797374307,waves,0.2954339981,-1.724366546,-0.9043261409,4.044827938,-1.630840182,-0.1562670022,0.1035176441,0.09127699584,-0.08994293213,0.04143944755,0.02576074935,-0.02795598283,0.009158073924,0.005294938106,-0.01574675739
2025-12-01 10:30:34,146,6.146949833,waves,-1.03230691,-1.831916928,-0.851451695,5.504160881,-1.699561,-0.1332357526,0.1166091487,0.1535599679,-0.09901559353,0.07494198531,0.01188116986,-0.03806114197,0.04679273441,0.0003226493136,-0.04710999131
2025-12-01 10:30:35,147,6.196595144,waves,-1.085705161,-1.830326915,-0.8598126173,5.561795235,-1.695688009,-0.1343154162,0.1222000718,0.1542873681,-0.1023517698,0.07684817165,0.01237602532,-0.03700685501,0.04617650807,0.0001198153768,-0.04951987416
2025-12-01 10:30:35,148,6.224801334,waves,-1.115133882,-1.823799491,-0.8555932641,5.594200134,-1.693944573,-0.140596658,0.1232908964,0.1526943594,-0.1023710147,0.07376690209,0.01140128449,-0.03827057406,0.04646004364,0.0001927074482,-0.05117989331
2025-12-01 10:30:35,149,6.279843395,waves,-1.134550214,-1.834595084,-0.8756976724,5.649420738,-1.694949985,-0.136222586,0.1228063479,0.1543234289,-0.1018548682,0.07363133132,0.01028506923,-0.04020357877,0.04819448665,0.0002098700643,-0.05456247553
2025-12-01 10:30:35,150,6.314459771,waves,-1.191525102,-1.863562107,-0.835144043,5.68475771,-1.697447896,-0.1306100935,0.1222522482,0.1583213359,-0.1033067033,0.07731796056,0.01034098864,-0.04037461057,0.0503770113,-0.0009730437887,-0.05447939038
2025-12-01 10:30:35,151,6.335121715,waves,-1.200354457,-1.878021598,-0.824647665,5.700579643,-1.704235792,-0.1341584623,0.1216865405,0.1594298929,-0.1030670553,0.07946068048,0.009477106854,-0.04134415463,0.05225899816,0.001893375767,-0.05288130417
2025-12-01 10:30:35,152,6.338975622,waves,-1.186997056,-1.878571987,-0.8485755324,5.706607819,-1.693903804,-0.1289614141,0.1210729629,0.158087045,-0.1016856804,0.07606823742,0.01019746251,-0.04024927318,0.04959194735,6.851534999e-05,-0.05486380681
2025-12-01 10:30:35,153,7.650258684,waves,-2.650137663,-1.882454276,-0.8146533966,7.122507095,-1.670865774,-0.1072160974,0.1471238285,0.2388594896,-0.07585851848,0.08200416714,-0.003264046274,-0.07079347223,0.1091942415,0.0004408496025,-0.1195468158
2025-12-01 10:30:36,154,7.721144747,waves,-2.754111767,-1.864746809,-0.8053147197,7.20327425,-1.667050838,-0.1143437102,0.1527353674,0.2460609376,-0.07558721304,0.08138498664,-0.004447023384,-0.0726358518,0.1147232652,0.001932588057,-0.1283144355
2025-12-01 10:30:36,155,7.769692749,waves,-2.866173983,-1.85667336,-0.7819809318,7.264841557,-1.653115392,-0.1057350785,0.1603637189,0.2478414476,-0.07464183867,0.07714757323,-0.00444832677,-0.07342085987,0.1176647842,0.001133217826,-0.1326247603
2025-12-01 10:30:36,156,7.810910576,waves,-2.835243464,-1.897057295,-0.7998448014,7.294149876,-1.660820961,-0.1046163216,0.1583957225,0.2518953681,-0.07458921522,0.07894911617,-0.003967102151,-0.0746139735,0.1194061637,0.0008960608975,-0.1331475824
2025-12-01 10:30:36,157,7.83984182,waves,-2.860764027,-1.893090367,-0.8124578595,7.324436665,-1.66356945,-0.0927612409,0.1591117829,0.2538927197,-0.07391403615,0.0757047534,-0.004255986772,-0.07678635418,0.1234035194,-0.0001206920788,-0.1341782808
2025-12-01 10:30:36,158,7.860348849,waves,-2.868315935,-1.870947838,-0.8362356424,7.349087238,-1.663371325,-0.09986710548,0.1607723236,0.2488743067,-0.06824947149,0.07146671414,-0.006375458091,-0.07838776708,0.1243125945,0.001529943664,-0.1387639791
2025-12-01 10:30:36,159,7.866737835,waves,-2.908008337,-1.865624666,-0.8296516538,7.360480785,-1.654603958,-0.09873314202,0.1608321667,0.2504796088,-0.06722508371,0.07352778316,-0.003766455222,-0.07658220083,0.1249760762,0.00129698345,-0.139507696
2025-12-01 10:30:36,160,7.879975325,waves,-2.927268982,-1.865640998,-0.8260300159,7.376169205,-1.651422739,-0.1003665626,0.1618195623,0.2528896332,-0.06731288135,0.07144775987,-0.004353940021,-0.07695319504,0.1241082698,0.00208176556,-0.1412492394
2025-12-01 10:30:36,161,7.898510805,waves,-2.937075377,-1.878693461,-0.8233159184,7.394064426,-1.647719741,-0.1018599793,0.1622492522,0.2556962669,-0.06788364053,0.07184135169,-0.004387907684,-0.07764814049,0.1246159151,0.002044026274,-0.1418153346
2025-12-01 10:30:36,162,7.904749,waves,-2.957710981,-1.855703235,-0.8322421312,7.406499863,-1.649964929,-0.100779444,0.1608770341,0.2543689907,-0.06701829284,0.07113418728,-0.005064032972,-0.07858526707,0.1239763871,0.002752320841,-0.142043829
2025-12-01 10:30:36,163,7.932389348,waves,-2.945928574,-1.881417155,-0.8344674706,7.425806522,-1.657361984,-0.1005549207,0.1633630991,0.2580189705,-0.06755331904,0.07338552177,-0.005045228172,-0.08122801036,0.1259831041,0.002421514364,-0.1437455565
2025-12-01 10:30:37,164,7.937738633,waves,-2.960631132,-1.876646042,-0.8353379965,7.431640148,-1.656788707,-0.09559699893,0.1637727767,0.2573288679,-0.06766998023,0.07123281062,-0.004861494992,-0.08081723005,0.126579985,0.001972602447,-0.1425171793
2025-12-01 10:30:37,165,7.953923192,waves,-2.972130775,-1.891144395,-0.8248258233,7.445979595,-1.654510856,-0.09988103062,0.1622827053,0.2595860958,-0.06793144345,0.0733287558,-0.004820066504,-0.08102814108,0.1272173077,0.002541048452,-0.1445220262
2025-12-01 10:30:37,166,7.964714261,waves,-2.973283052,-1.900745034,-0.8208965063,7.455443859,-1.654980302,-0.1029592529,0.1622836143,0.2601470649,-0.06743288785,0.07258275896,-0.006491783541,-0.08099362254,0.1280845106,0.003380952403,-0.1442634612
2025-12-01 10:30:37,167,7.972780936,waves,-2.995699167,-1.886917233,-0.8236467242,7.468928814,-1.655499816,-0.1006332859,0.1634333134,0.259668082,-0.06771016121,0.07094860822,-0.005610423628,-0.08247278631,0.1281487942,0.003364382312,-0.144636631
2025-12-01 10:30:37,168,7.980967682,waves,-2.988873959,-1.892058015,-0.8348513246,7.476063251,-1.653405905,-0.1001597643,0.163483724,0.2603925765,-0.0671074912,0.06954140961,-0.005990831181,-0.08184313029,0.1281206757,0.002917082515,-0.1457786858
2025-12-01 10:30:37,169,7.988552487,waves,-3.0005126,-1.889214277,-0.8361943364,7.483977318,-1.652510524,-0.1030630916,0.1635163426,0.2597294748,-0.06589696556,0.07119774818,-0.005757020786,-0.0819799006,0.129388243,0.003422517562,-0.146086514
2025-12-01 10:30:37,170,8.001564217,waves,-3.000808477,-1.910234332,-0.8260685802,7.493340969,-1.649810672,-0.1047795862,0.1664598733,0.2629702687,-0.06852027774,0.07271121442,-0.006001904141,-0.08223050833,0.1289233714,0.003992029466,-0.1468963027
2025-12-01 10:30:37,171,8.004533912,waves,-3.019383192,-1.8939358,-0.8344162107,7.501386642,-1.650242209,-0.1022962481,0.1661738008,0.2624772191,-0.06652569771,0.07098196447,-0.005283143371,-0.08189541101,0.1302929968,0.003043744713,-0.1483821869
2025-12-01 10:30:37,172,8.015376507,waves,-3.03401494,-1.897762775,-0.8284746408,7.511075497,-1.64996314,-0.1010480002,0.1662770808,0.2634499967,-0.06699904799,0.07247558236,-0.004085206892,-0.0822615698,0.1301700175,0.003259767545,-0.1480970383
2025-12-01 10:30:38,173,8.02264602,waves,-3.0391891,-1.886811614,-0.8356876373,7.521758556,-1.653834105,-0.09980335087,0.1661246121,0.2617653608,-0.0652121678,0.06959742308,-0.005795917939,-0.08467526734,0.1311246306,0.003816868411,-0.1492741853
2025-12-01 10:30:38,174,8.026999053,waves,-3.05458498,-1.874401093,-0.8374279737,7.527341366,-1.655369401,-0.1002453193,0.1643839628,0.2630744576,-0.06543633342,0.07101356238,-0.004980025813,-0.08425089717,0.1313732862,0.003773816396,-0.1485193521
2025-12-01 10:30:38,175,8.031814758,waves,-3.062060118,-1.889879107,-0.8221786022,7.531060696,-1.653099537,-0.09923094511,0.16556108,0.2637060285,-0.06553635746,0.06981134415,-0.006155695766,-0.08343549818,0.1311897784,0.003519996302,-0.149123922
2025-12-01 10:30:38,176,8.03785006,waves,-3.08131814,-1.881334186,-0.8248568773,7.539096832,-1.65212214,-0.09708189964,0.1657878458,0.2640868127,-0.06560221314,0.07120840997,-0.005233461969,-0.08431212604,0.1318122149,0.003827782581,-0.1500380039
2025-12-01 10:30:38,177,8.05080515,waves,-3.056316137,-1.905931354,-0.8288256526,7.546108723,-1.653322339,-0.09945097566,0.1656061709,0.2656249702,-0.06460750103,0.07167628407,-0.005744638387,-0.08439725637,0.1314112991,0.002738769632,-0.1503848135
2025-12-01 10:30:38,178,8.057388927,waves,-3.061851501,-1.921706796,-0.8170006871,7.552157879,-1.650704265,-0.100588426,0.1674026847,0.2665921748,-0.06596972048,0.07108941674,-0.006396149751,-0.0839844048,0.1320464015,0.003970849328,-0.150908649
2025-12-01 10:30:38,179,8.057684966,waves,-3.086181402,-1.903076649,-0.8170444369,7.557975769,-1.648218989,-0.09934135526,0.1668141931,0.2656475902,-0.06542599201,0.07033912092,-0.005888461601,-0.08436691761,0.1317341924,0.004303451627,-0.1512400061
2025-12-01 10:30:38,180,8.062121661,waves,-3.081677198,-1.892094493,-0.8384252191,7.561519146,-1.649677038,-0.09897760302,0.1662569344,0.2651486397,-0.06401097775,0.07068181038,-0.005084251054,-0.08512776345,0.1325020045,0.003892888315,-0.1507923603
2025-12-01 10:30:38,181,8.074197325,waves,-3.07762599,-1.904294729,-0.8368422389,7.569950104,-1.652238727,-0.09980954975,0.1678005457,0.2662510872,-0.06443035603,0.07097586244,-0.004823896568,-0.08541414142,0.1332139969,0.003978661261,-0.1507614702
2025-12-01 10:30:39,182,8.073694687,waves,-3.105391026,-1.882836819,-0.8361250162,7.575964451,-1.650385857,-0.09730679542,0.1663185507,0.2659437656,-0.06466726214,0.07053115219,-0.005220745225,-0.08620641381,0.1326791495,0.003104420146,-0.1515582204
2025-12-01 10:30:39,183,8.077282167,waves,-3.098367214,-1.884754896,-0.8387331963,7.579585552,-1.653518677,-0.1010036096,0.1679839194,0.2659002244,-0.06332246214,0.06977072358,-0.005388564896,-0.08706080914,0.1333587319,0.004279199988,-0.1521836221
2025-12-01 10:30:39,184,8.08338063,waves,-3.08820653,-1.884083152,-0.8556326032,7.582350731,-1.650857091,-0.09869533032,0.1662941426,0.2663578689,-0.06300663203,0.06871471554,-0.005498703104,-0.08673913777,0.1339972615,0.004146128893,-0.1531140208
2025-12-01 10:30:39,185,8.089180682,waves,-3.095972538,-1.8920753,-0.8480840921,7.590009689,-1.649343252,-0.1017941535,0.1680790037,0.2671417296,-0.06415615231,0.06960161775,-0.006016654428,-0.08700741827,0.1344379038,0.004018893465,-0.1526411474
2025-12-01 10:30:39,186,8.094369722,waves,-3.109232664,-1.880500674,-0.8488762379,7.595576286,-1.65288949,-0.09878154099,0.1677247584,0.2680605054,-0.06394857913,0.06921110302,-0.006143722218,-0.08736751229,0.1347009242,0.003684772179,-0.1545602828
2025-12-01 10:30:39,187,8.095540672,waves,-3.110258579,-1.88528645,-0.8485620022,7.597491741,-1.649327278,-0.1015409306,0.1661442965,0.2679299712,-0.06231731549,0.06975843757,-0.006066159811,-0.08586646616,0.1344334185,0.00421466073,-0.1536965072
2025-12-01 10:30:39,188,8.10388047,waves,-3.11025548,-1.905778766,-0.8376355171,7.601663113,-1.650536418,-0.0978038162,0.1677049696,0.2684265077,-0.06377810985,0.07182042301,-0.00485415943,-0.08694817126,0.1346955001,0.003514877288,-0.1539530307
2025-12-01 10:30:39,189,8.110471459,waves,-3.1040411,-1.91861856,-0.8266657591,7.605120659,-1.655680418,-0.09964961559,0.1693239957,0.2679105401,-0.0613934435,0.06865682453,-0.005266774446,-0.08628182858,0.1354369521,0.004121098667,-0.1550422013
2025-12-01 10:30:39,190,8.112120093,waves,-3.126026392,-1.908421278,-0.8172342777,7.612321377,-1.647239804,-0.108583957,0.1712303013,0.2698676288,-0.06524929404,0.06717121601,-0.005740415771,-0.08610388637,0.1339095086,0.004079943057,-0.1556890607
2025-12-01 10:30:39,191,8.119388322,waves,-3.106938839,-1.90223968,-0.8522950411,7.61673069,-1.656412601,-0.09796401858,0.1691955328,0.2679229677,-0.06140476093,0.06898253411,-0.005317105446,-0.08912785351,0.1362150908,0.004202139098,-0.1541422457
2025-12-01 10:30:40,192,8.121557765,waves,-3.110212564,-1.899851441,-0.8547081351,7.618220329,-1.65628767,-0.09717898071,0.1669106483,0.2688927054,-0.061276149,0.07123520225,-0.005977520254,-0.08868128806,0.1354134828,0.005020862445,-0.1535559744
2025-12-01 10:30:40,193,8.128970725,waves,-3.11544919,-1.886569858,-0.8741865158,7.628988266,-1.654796839,-0.09427451342,0.1692908853,0.2671588659,-0.06046445295,0.06883408874,-0.005021313671,-0.08896263689,0.1353455931,0.004495579284,-0.1563452184
2025-12-01 10:30:40,194,8.129851414,waves,-3.092447996,-1.899127603,-0.8773210645,7.626793385,-1.658581018,-0.1008688062,0.1691537499,0.2691174448,-0.05961016566,0.07124515623,-0.005418557208,-0.08961576223,0.1363027245,0.004970241338,-0.1551708877
2025-12-01 10:30:40,195,8.142643117,waves,-3.121166945,-1.910916328,-0.8503109813,7.637966156,-1.655528069,-0.1005858257,0.1718826145,0.2715115547,-0.06440001726,0.07129392028,-0.00503265718,-0.09019953012,0.1361257285,0.005008491222,-0.1558333486
2025-12-01 10:30:40,196,8.149173584,waves,-3.145546675,-1.919340491,-0.8303282261,7.646827221,-1.648537874,-0.09851444513,0.1703166813,0.2724589407,-0.06299120933,0.06969138235,-0.007399080787,-0.08840495348,0.1362849325,0.004525230266,-0.1572321653
2025-12-01 10:30:40,197,8.138231608,waves,-3.163749695,-1.882842064,-0.8509202003,7.645247459,-1.643726349,-0.09581208974,0.1690814048,0.2681918144,-0.05958134681,0.06722205132,-0.006429557223,-0.08893664181,0.1364209801,0.00498726638,-0.1568552256
2025-12-01 10:30:40,198,8.144966662,waves,-3.156957388,-1.8788414,-0.8567330837,7.649759769,-1.651468396,-0.09899928421,0.1684588939,0.268334955,-0.06312837452,0.07076887786,-0.006071561947,-0.08941767365,0.1371720433,0.004686181899,-0.1556798071
2025-12-01 10:30:41,199,8.151619741,waves,-3.147823811,-1.894231677,-0.851662755,7.653178215,-1.652273059,-0.1006591544,0.1676956862,0.2712752223,-0.06149054691,0.06858195364,-0.006857515313,-0.08948607743,0.1372715235,0.005110969301,-0.1565354317
2025-12-01 10:30:41,200,8.164570342,waves,-3.167839289,-1.911589742,-0.8346549869,7.663669109,-1.64817524,-0.1007340476,0.1696413457,0.2733776867,-0.06128302962,0.0700995326,-0.007829791866,-0.08981925994,0.1376090348,0.006587410811,-0.1577081084
2025-12-01 10:30:41,201,8.173893154,waves,-3.151449203,-1.90359354,-0.8671793342,7.673793316,-1.651527286,-0.09966247529,0.1698350757,0.2701230645,-0.06023608148,0.0695002377,-0.005477378611,-0.09007466584,0.1383621842,0.005657592323,-0.1568486243
2025-12-01 10:30:41,202,8.177871955,waves,-3.133787394,-1.913436532,-0.8727058172,7.674725056,-1.649468303,-0.1004526466,0.1699665189,0.2709610462,-0.05956685171,0.06829278171,-0.00649778964,-0.09036934376,0.1384838521,0.005833901465,-0.1577164233
2025-12-01 10:30:41,203,8.179504842,waves,-3.147725344,-1.915178537,-0.8669462204,7.677970409,-1.651489377,-0.09804727137,0.1717816144,0.2719590068,-0.06063111499,0.0696458593,-0.004280493129,-0.0903910324,0.1382651031,0.005092577543,-0.1578780413
2025-12-01 10:30:41,204,8.184914599,waves,-3.146505594,-1.920662045,-0.8629992604,7.681763172,-1.65141952,-0.1000888869,0.1708136201,0.2725041211,-0.06051274389,0.06886142492,-0.005336104427,-0.09123408794,0.1384637058,0.005266246386,-0.1574439704
2025-12-01 10:30:42,205,8.187850774,waves,-3.159647226,-1.909476876,-0.8621175885,7.687994957,-1.650682926,-0.1024162099,0.1705698073,0.2723383605,-0.06001219153,0.06756512821,-0.005565415137,-0.09123373777,0.139304325,0.006094133947,-0.1593655646
2025-12-01 10:30:42,206,8.187206475,waves,-3.201478481,-1.882137656,-0.8554280996,7.694471836,-1.65221262,-0.1005275398,0.1719976217,0.270986259,-0.06000645831,0.06774734706,-0.006101776846,-0.09063810855,0.1395626664,0.005542631727,-0.1590486467
2025-12-01 10:30:42,207,8.190935317,waves,-3.19265604,-1.894857883,-0.8527604938,7.694728374,-1.652961612,-0.09703063965,0.1709377915,0.2716742456,-0.06049589813,0.06702881306,-0.005397691391,-0.09008537233,0.1391821802,0.005264969543,-0.1597085297
2025-12-01 10:30:42,208,8.196371088,waves,-3.177966595,-1.907108545,-0.8589098454,7.695929527,-1.654700279,-0.09832504392,0.1708514988,0.2732489109,-0.05948938802,0.06767239422,-0.005658937618,-0.09071724117,0.1402033269,0.005699770525,-0.1589393616
2025-12-01 10:30:42,209,8.200671597,waves,-3.179198027,-1.912617564,-0.8554011583,7.699487686,-1.649934649,-0.09989834577,0.1711401641,0.2735936344,-0.06061181799,0.06687336415,-0.005707756151,-0.09048315138,0.1387428343,0.005785692483,-0.1593373567
2025-12-01 10:30:42,210,8.196702795,waves,-3.193498611,-1.899036288,-0.8571635485,7.700762749,-1.65067184,-0.09767056257,0.1699374616,0.2735140622,-0.05959640071,0.06753432751,-0.00568375038,-0.09056703001,0.1391993761,0.005314454902,-0.1596095562
2025-12-01 10:30:42,211,8.210249519,waves,-3.178188801,-1.929458737,-0.8522164822,7.708194256,-1.651040912,-0.09690322727,0.1717684418,0.2748045027,-0.05966048315,0.0669374615,-0.005566049367,-0.09054860473,0.1398204118,0.005268735345,-0.1606839299
2025-12-01 10:30:42,212,8.212272179,waves,-3.188320398,-1.916523457,-0.8540710211,7.710626602,-1.651003838,-0.09857292473,0.1716143638,0.2744917572,-0.06004795805,0.06657470018,-0.005549208261,-0.09108899534,0.1397136152,0.005506875459,-0.1602627486
2025-12-01 10:30:42,213,8.211812185,waves,-3.187040567,-1.928043842,-0.8395887613,7.709467888,-1.65114212,-0.1002159864,0.1714155078,0.2751940787,-0.06137961894,0.06597558409,-0.005031533074,-0.09109086543,0.1396163702,0.005944222212,-0.160018906
